pop_age,Comp_slope,num cols,meanK,Fd_ln,input_var,K_var,fdLn_var,disp_rsk,ad_dsp_fd,jv_mlt_size,min_no_off,max_no_off,min_ad_sze_off,max_ad_sze_off,colony_ID,colony_age,num ads,numjuvs,colony_food,ave_food,dispersers,pot_juv_fd,cal_med_rnk,colAlive
1,0.6,1,10.0,0.4,0.1,0.5,0.020000000000000004,0.4,0.6,0.16000000000000003,2,8,0.1,1,1,1,1,3,0.72554549474631735,0.24184849824877244,0,0.26666666666666666,0.999000000000018,alive
2,0.6,1,10.0,0.4,0.1,0.5,0.020000000000000004,0.4,0.6,0.16000000000000003,2,8,0.1,1,1,2,2,8,1.9273236316164912,0.2409154539520614,0,0.24240873715854974,3.4719999999999995,alive
3,0.6,1,10.0,0.4,0.1,0.5,0.020000000000000004,0.4,0.6,0.16000000000000003,2,8,0.1,1,1,3,6,23,10.20101814456455,0.44352252802454567,0,0.43535945043791396,10.994000000000007,alive
4,0.6,3,10.0,0.4,0.1,0.5,0.020000000000000004,0.4,0.6,0.16000000000000003,2,8,0.1,1,1,4,18,80,20.72727824419799,0.25909097805247489,2,0.061258302521294175,39.280000000000015,alive
4,0.6,3,10.0,0.4,0.1,0.5,0.020000000000000004,0.4,0.6,0.16000000000000003,2,8,0.1,1,2,0,1,6,0.83106022668536317,0.13851003778089385,0,0,2.220000000000028,alive
4,0.6,3,10.0,0.4,0.1,0.5,0.020000000000000004,0.4,0.6,0.16000000000000003,2,8,0.1,1,3,0,1,6,0.72726900642566017,0.12121150107094336,0,0,2.136000000000031,alive
5,0.6,5,10.0,0.4,0.1,0.5,0.020000000000000004,0.4,0.6,0.16000000000000003,2,8,0.1,1,1,5,61,244,4.2719408046774145e-13,1.7507954117530387e-15,0,8.3305594939559489e-14,39.280000000000015,dead
5,0.6,5,10.0,0.4,0.1,0.5,0.020000000000000004,0.4,0.6,0.16000000000000003,2,8,0.1,1,2,1,3,11,3.4108716214361054,0.31007923831237322,0,0.3133498016850973,5.004999999999995,alive
5,0.6,5,10.0,0.4,0.1,0.5,0.020000000000000004,0.4,0.6,0.16000000000000003,2,8,0.1,1,3,1,3,9,3.4828487619620647,0.38698319577356277,0,0.38298309094845223,3.9959999999999813,alive
5,0.6,5,10.0,0.4,0.1,0.5,0.020000000000000004,0.4,0.6,0.16000000000000003,2,8,0.1,1,4,0,1,6,0.79484156922949778,0.13247359487158297,0,0,2.196000000000029,alive
5,0.6,5,10.0,0.4,0.1,0.5,0.020000000000000004,0.4,0.6,0.16000000000000003,2,8,0.1,1,5,0,1,6,0.82908643187990572,0.13818107197998428,0,0,2.220000000000028,alive
6,0.6,6,10.0,0.4,0.1,0.5,0.020000000000000004,0.4,0.6,0.16000000000000003,2,8,0.1,1,2,2,9,39,17.994962546562803,0.4614092960657129,0,0.45634685143684339,18.99299999999998,alive
6,0.6,6,10.0,0.4,0.1,0.5,0.020000000000000004,0.4,0.6,0.16000000000000003,2,8,0.1,1,3,2,9,40,17.922232094508949,0.44805580236272374,0,0.44493818015092235,19.48000000000001,alive
6,0.6,6,10.0,0.4,0.1,0.5,0.020000000000000004,0.4,0.6,0.16000000000000003,2,8,0.1,1,4,1,3,10,3.4650767395959488,0.34650767395959486,0,0.34468478185360701,4.500000000000011,alive
6,0.6,6,10.0,0.4,0.1,0.5,0.020000000000000004,0.4,0.6,0.16000000000000003,2,8,0.1,1,5,1,3,11,3.2375803414794433,0.29432548558904031,0,0.3133498016850973,5.004999999999995,alive
6,0.6,6,10.0,0.4,0.1,0.5,0.020000000000000004,0.4,0.6,0.16000000000000003,2,8,0.1,1,6,0,1,6,0.83657708448919887,0.13942951408153315,0,0,2.226000000000028,alive
6,0.6,6,10.0,0.4,0.1,0.5,0.020000000000000004,0.4,0.6,0.16000000000000003,2,8,0.1,1,7,0,1,6,0.81158927117259494,0.13526487852876581,0,0,2.2080000000000286,alive
7,0.6,22,10.0,0.4,0.1,0.5,0.020000000000000004,0.4,0.6,0.16000000000000003,2,8,0.1,1,2,3,29,129,0.97462010198505178,0.007555194589031409,6,2.9998204350746478e-05,18.318000000000392,dead
7,0.6,22,10.0,0.4,0.1,0.5,0.020000000000000004,0.4,0.6,0.16000000000000003,2,8,0.1,1,3,3,30,131,0.61003149741060092,0.0046567289878671828,8,1.5621855098055963e-05,14.802999999999912,dead
7,0.6,22,10.0,0.4,0.1,0.5,0.020000000000000004,0.4,0.6,0.16000000000000003,2,8,0.1,1,4,2,9,39,17.635361307726626,0.4521887514801699,0,0.45634685143684339,18.99299999999998,alive
7,0.6,22,10.0,0.4,0.1,0.5,0.020000000000000004,0.4,0.6,0.16000000000000003,2,8,0.1,1,5,2,9,37,17.89981408061492,0.4837787589355384,0,0.48101424881180793,17.982000000000014,alive
7,0.6,22,10.0,0.4,0.1,0.5,0.020000000000000004,0.4,0.6,0.16000000000000003,2,8,0.1,1,6,1,3,11,3.3002228159283602,0.30002025599348731,0,0.3133498016850973,5.004999999999995,alive
7,0.6,22,10.0,0.4,0.1,0.5,0.020000000000000004,0.4,0.6,0.16000000000000003,2,8,0.1,1,7,1,3,11,3.341215004383971,0.30374681858036101,0,0.3133498016850973,5.004999999999995,alive
7,0.6,22,10.0,0.4,0.1,0.5,0.020000000000000004,0.4,0.6,0.16000000000000003,2,8,0.1,1,8,0,1,6,0.81255910413083876,0.1354265173551398,0,0,2.2080000000000286,alive
7,0.6,22,10.0,0.4,0.1,0.5,0.020000000000000004,0.4,0.6,0.16000000000000003,2,8,0.1,1,9,0,1,6,0.81883484210683932,0.13647247368447321,0,0,2.2140000000000284,alive
7,0.6,22,10.0,0.4,0.1,0.5,0.020000000000000004,0.4,0.6,0.16000000000000003,2,8,0.1,1,10,0,1,7,0.72138653181492518,0.10305521883070359,0,0,2.428999999999982,alive
7,0.6,22,10.0,0.4,0.1,0.5,0.020000000000000004,0.4,0.6,0.16000000000000003,2,8,0.1,1,11,0,1,6,0.79215880134244587,0.13202646689040765,0,0,2.1900000000000293,alive
7,0.6,22,10.0,0.4,0.1,0.5,0.020000000000000004,0.4,0.6,0.16000000000000003,2,8,0.1,1,12,0,1,6,0.76707369889838473,0.12784561648306411,0,0,2.17200000000003,alive
7,0.6,22,10.0,0.4,0.1,0.5,0.020000000000000004,0.4,0.6,0.16000000000000003,2,8,0.1,1,13,0,1,6,0.78043738868295032,0.13007289811382505,0,0,2.1840000000000295,alive
7,0.6,22,10.0,0.4,0.1,0.5,0.020000000000000004,0.4,0.6,0.16000000000000003,2,8,0.1,1,14,0,1,6,0.77897333189866091,0.12982888864977682,0,0,2.1780000000000297,alive
7,0.6,22,10.0,0.4,0.1,0.5,0.020000000000000004,0.4,0.6,0.16000000000000003,2,8,0.1,1,15,0,1,6,0.80480829701382595,0.13413471616897099,0,0,2.202000000000029,alive
7,0.6,22,10.0,0.4,0.1,0.5,0.020000000000000004,0.4,0.6,0.16000000000000003,2,8,0.1,1,16,0,1,7,0.76916087144001466,0.10988012449143067,0,0,2.484999999999983,alive
7,0.6,22,10.0,0.4,0.1,0.5,0.020000000000000004,0.4,0.6,0.16000000000000003,2,8,0.1,1,17,0,1,7,0.83065929665530369,0.11866561380790053,0,0,2.547999999999984,alive
7,0.6,22,10.0,0.4,0.1,0.5,0.020000000000000004,0.4,0.6,0.16000000000000003,2,8,0.1,1,18,0,1,7,0.84833850222429918,0.12119121460347131,0,0,2.5619999999999843,alive
7,0.6,22,10.0,0.4,0.1,0.5,0.020000000000000004,0.4,0.6,0.16000000000000003,2,8,0.1,1,19,0,1,6,0.77838436678263112,0.12973072779710518,0,0,2.1780000000000297,alive
7,0.6,22,10.0,0.4,0.1,0.5,0.020000000000000004,0.4,0.6,0.16000000000000003,2,8,0.1,1,20,0,1,6,0.7942787017006343,0.13237978361677238,0,0,2.196000000000029,alive
7,0.6,22,10.0,0.4,0.1,0.5,0.020000000000000004,0.4,0.6,0.16000000000000003,2,8,0.1,1,21,0,1,6,0.78461280056016625,0.13076880009336103,0,0,2.1840000000000295,alive
7,0.6,22,10.0,0.4,0.1,0.5,0.020000000000000004,0.4,0.6,0.16000000000000003,2,8,0.1,1,22,0,1,6,0.80303482919825009,0.13383913819970836,0,0,2.202000000000029,alive
7,0.6,22,10.0,0.4,0.1,0.5,0.020000000000000004,0.4,0.6,0.16000000000000003,2,8,0.1,1,23,0,1,6,0.8281317878654193,0.13802196464423655,0,0,2.220000000000028,alive
8,0.6,46,10.0,0.4,0.1,0.5,0.020000000000000004,0.4,0.6,0.16000000000000003,2,8,0.1,1,4,3,29,127,1.4145868462581752,0.011138479104395081,5,3.0313974922859598e-05,21.589999999999485,alive
8,0.6,46,10.0,0.4,0.1,0.5,0.020000000000000004,0.4,0.6,0.16000000000000003,2,8,0.1,1,5,3,26,118,1.1699545490936305,0.009914869060115513,5,0.0001026383915343914,18.99799999999968,alive
8,0.6,46,10.0,0.4,0.1,0.5,0.020000000000000004,0.4,0.6,0.16000000000000003,2,8,0.1,1,6,2,9,37,17.485984770459012,0.4725941829853787,0,0.48101424881180793,17.982000000000014,alive
8,0.6,46,10.0,0.4,0.1,0.5,0.020000000000000004,0.4,0.6,0.16000000000000003,2,8,0.1,1,7,2,9,37,17.326817448696023,0.46829236347827086,0,0.48101424881180793,17.982000000000014,alive
8,0.6,46,10.0,0.4,0.1,0.5,0.020000000000000004,0.4,0.6,0.16000000000000003,2,8,0.1,1,8,1,3,11,3.2620162186275321,0.29654692896613927,0,0.3133498016850973,5.004999999999995,alive
8,0.6,46,10.0,0.4,0.1,0.5,0.020000000000000004,0.4,0.6,0.16000000000000003,2,8,0.1,1,9,1,3,11,3.4514378371073677,0.31376707610066978,0,0.3133498016850973,5.004999999999995,alive
8,0.6,46,10.0,0.4,0.1,0.5,0.020000000000000004,0.4,0.6,0.16000000000000003,2,8,0.1,1,10,1,3,9,3.4595064646951332,0.38438960718834814,0,0.38298309094845223,3.9959999999999813,alive
8,0.6,46,10.0,0.4,0.1,0.5,0.020000000000000004,0.4,0.6,0.16000000000000003,2,8,0.1,1,11,1,3,10,3.4415347786251345,0.34415347786251343,0,0.34468478185360701,4.500000000000011,alive
8,0.6,46,10.0,0.4,0.1,0.5,0.020000000000000004,0.4,0.6,0.16000000000000003,2,8,0.1,1,12,1,3,10,3.4578178816865117,0.34578178816865118,0,0.34468478185360701,4.500000000000011,alive
8,0.6,46,10.0,0.4,0.1,0.5,0.020000000000000004,0.4,0.6,0.16000000000000003,2,8,0.1,1,13,1,3,10,3.1766533831193007,0.31766533831193006,0,0.34468478185360701,4.500000000000011,alive
8,0.6,46,10.0,0.4,0.1,0.5,0.020000000000000004,0.4,0.6,0.16000000000000003,2,8,0.1,1,14,1,3,10,3.4932557980423606,0.34932557980423606,0,0.34468478185360701,4.500000000000011,alive
8,0.6,46,10.0,0.4,0.1,0.5,0.020000000000000004,0.4,0.6,0.16000000000000003,2,8,0.1,1,15,1,3,11,3.3945375232939878,0.30859432029945344,0,0.3133498016850973,5.004999999999995,alive
8,0.6,46,10.0,0.4,0.1,0.5,0.020000000000000004,0.4,0.6,0.16000000000000003,2,8,0.1,1,16,1,3,10,3.3222890414691117,0.3322289041469112,0,0.34468478185360701,4.500000000000011,alive
8,0.6,46,10.0,0.4,0.1,0.5,0.020000000000000004,0.4,0.6,0.16000000000000003,2,8,0.1,1,17,1,3,10,3.7366607242769669,0.37366607242769667,0,0.34468478185360701,4.500000000000011,alive
8,0.6,46,10.0,0.4,0.1,0.5,0.020000000000000004,0.4,0.6,0.16000000000000003,2,8,0.1,1,18,1,3,11,3.3803185092532142,0.30730168265938312,0,0.3133498016850973,5.004999999999995,alive
8,0.6,46,10.0,0.4,0.1,0.5,0.020000000000000004,0.4,0.6,0.16000000000000003,2,8,0.1,1,19,1,3,10,3.5516155130507814,0.35516155130507815,0,0.34468478185360701,4.500000000000011,alive
8,0.6,46,10.0,0.4,0.1,0.5,0.020000000000000004,0.4,0.6,0.16000000000000003,2,8,0.1,1,20,1,3,10,3.355527467776529,0.3355527467776529,0,0.34468478185360701,4.500000000000011,alive
8,0.6,46,10.0,0.4,0.1,0.5,0.020000000000000004,0.4,0.6,0.16000000000000003,2,8,0.1,1,21,1,3,10,3.3941952473264809,0.33941952473264808,0,0.34468478185360701,4.500000000000011,alive
8,0.6,46,10.0,0.4,0.1,0.5,0.020000000000000004,0.4,0.6,0.16000000000000003,2,8,0.1,1,22,1,3,11,3.3909390990296027,0.30826719082087295,0,0.3133498016850973,5.004999999999995,alive
8,0.6,46,10.0,0.4,0.1,0.5,0.020000000000000004,0.4,0.6,0.16000000000000003,2,8,0.1,1,23,1,3,11,3.335059683109447,0.30318724391904062,0,0.3133498016850973,5.004999999999995,alive
8,0.6,46,10.0,0.4,0.1,0.5,0.020000000000000004,0.4,0.6,0.16000000000000003,2,8,0.1,1,24,0,1,6,0.81258832820970839,0.13543138803495139,0,0,2.2080000000000286,alive
8,0.6,46,10.0,0.4,0.1,0.5,0.020000000000000004,0.4,0.6,0.16000000000000003,2,8,0.1,1,25,0,1,6,0.81385112575508112,0.13564185429251352,0,0,2.2080000000000286,alive
8,0.6,46,10.0,0.4,0.1,0.5,0.020000000000000004,0.4,0.6,0.16000000000000003,2,8,0.1,1,26,0,1,7,0.85482368766837002,0.12211766966691,0,0,2.5689999999999844,alive
8,0.6,46,10.0,0.4,0.1,0.5,0.020000000000000004,0.4,0.6,0.16000000000000003,2,8,0.1,1,27,0,1,6,0.75792840448083021,0.12632140074680503,0,0,2.1600000000000303,alive
8,0.6,46,10.0,0.4,0.1,0.5,0.020000000000000004,0.4,0.6,0.16000000000000003,2,8,0.1,1,28,0,1,6,0.75897835606056996,0.12649639267676166,0,0,2.16600000000003,alive
8,0.6,46,10.0,0.4,0.1,0.5,0.020000000000000004,0.4,0.6,0.16000000000000003,2,8,0.1,1,29,0,1,6,0.83062711520163512,0.13843785253360585,0,0,2.220000000000028,alive
8,0.6,46,10.0,0.4,0.1,0.5,0.020000000000000004,0.4,0.6,0.16000000000000003,2,8,0.1,1,30,0,1,6,0.81522648230001993,0.13587108038333665,0,0,2.2080000000000286,alive
8,0.6,46,10.0,0.4,0.1,0.5,0.020000000000000004,0.4,0.6,0.16000000000000003,2,8,0.1,1,31,0,1,6,0.76611892637157997,0.12768648772859667,0,0,2.17200000000003,alive
8,0.6,46,10.0,0.4,0.1,0.5,0.020000000000000004,0.4,0.6,0.16000000000000003,2,8,0.1,1,32,0,1,7,0.83131897731145832,0.1187598539016369,0,0,2.547999999999984,alive
8,0.6,46,10.0,0.4,0.1,0.5,0.020000000000000004,0.4,0.6,0.16000000000000003,2,8,0.1,1,33,0,1,7,0.81995904891347893,0.11713700698763985,0,0,2.533999999999984,alive
8,0.6,46,10.0,0.4,0.1,0.5,0.020000000000000004,0.4,0.6,0.16000000000000003,2,8,0.1,1,34,0,1,7,0.76450538328602557,0.10921505475514651,0,0,2.477999999999983,alive
8,0.6,46,10.0,0.4,0.1,0.5,0.020000000000000004,0.4,0.6,0.16000000000000003,2,8,0.1,1,35,0,1,6,0.85831159488735331,0.14305193248122555,0,0,2.2440000000000273,alive
8,0.6,46,10.0,0.4,0.1,0.5,0.020000000000000004,0.4,0.6,0.16000000000000003,2,8,0.1,1,36,0,1,6,0.78518382744212523,0.1308639712403542,0,0,2.1840000000000295,alive
8,0.6,46,10.0,0.4,0.1,0.5,0.020000000000000004,0.4,0.6,0.16000000000000003,2,8,0.1,1,37,0,1,6,0.75867762996782584,0.12644627166130432,0,0,2.1600000000000303,alive
8,0.6,46,10.0,0.4,0.1,0.5,0.020000000000000004,0.4,0.6,0.16000000000000003,2,8,0.1,1,38,0,1,6,0.80920604324886725,0.13486767387481122,0,0,2.2080000000000286,alive
8,0.6,46,10.0,0.4,0.1,0.5,0.020000000000000004,0.4,0.6,0.16000000000000003,2,8,0.1,1,39,0,1,6,0.768106445945683,0.12801774099094718,0,0,2.17200000000003,alive
8,0.6,46,10.0,0.4,0.1,0.5,0.020000000000000004,0.4,0.6,0.16000000000000003,2,8,0.1,1,40,0,1,7,0.83293327545183793,0.11899046792169113,0,0,2.547999999999984,alive
8,0.6,46,10.0,0.4,0.1,0.5,0.020000000000000004,0.4,0.6,0.16000000000000003,2,8,0.1,1,41,0,1,6,0.82604922548076176,0.13767487091346028,0,0,2.220000000000028,alive
8,0.6,46,10.0,0.4,0.1,0.5,0.020000000000000004,0.4,0.6,0.16000000000000003,2,8,0.1,1,42,0,1,6,0.79924931403290667,0.13320821900548444,0,0,2.196000000000029,alive
8,0.6,46,10.0,0.4,0.1,0.5,0.020000000000000004,0.4,0.6,0.16000000000000003,2,8,0.1,1,43,0,1,6,0.82966497130393968,0.13827749521732327,0,0,2.220000000000028,alive
8,0.6,46,10.0,0.4,0.1,0.5,0.020000000000000004,0.4,0.6,0.16000000000000003,2,8,0.1,1,44,0,1,6,0.78498030127395191,0.13083005021232533,0,0,2.1840000000000295,alive
8,0.6,46,10.0,0.4,0.1,0.5,0.020000000000000004,0.4,0.6,0.16000000000000003,2,8,0.1,1,45,0,1,7,0.71348203202460569,0.10192600457494368,0,0,2.421999999999982,alive
8,0.6,46,10.0,0.4,0.1,0.5,0.020000000000000004,0.4,0.6,0.16000000000000003,2,8,0.1,1,46,0,1,7,0.77272540319738769,0.11038934331391252,0,0,2.484999999999983,alive
8,0.6,46,10.0,0.4,0.1,0.5,0.020000000000000004,0.4,0.6,0.16000000000000003,2,8,0.1,1,47,0,1,6,0.81598595711324384,0.13599765951887396,0,0,2.2080000000000286,alive
8,0.6,46,10.0,0.4,0.1,0.5,0.020000000000000004,0.4,0.6,0.16000000000000003,2,8,0.1,1,48,0,1,6,0.75571664217229739,0.12595277369538291,0,0,2.1600000000000303,alive
8,0.6,46,10.0,0.4,0.1,0.5,0.020000000000000004,0.4,0.6,0.16000000000000003,2,8,0.1,1,49,0,1,6,0.81682885829813867,0.13613814304968977,0,0,2.2140000000000284,alive
9,0.6,88,10.0,0.4,0.1,0.5,0.020000000000000004,0.4,0.6,0.16000000000000003,2,8,0.1,1,4,4,3,6,3.3254138385914747,0.55423563976524581,0,0.57447463642267838,2.502000000000018,alive
9,0.6,88,10.0,0.4,0.1,0.5,0.020000000000000004,0.4,0.6,0.16000000000000003,2,8,0.1,1,5,4,2,4,1.7977000662847487,0.44942501657118716,0,0.48481747431709948,1.4999999999999996,alive
9,0.6,88,10.0,0.4,0.1,0.5,0.020000000000000004,0.4,0.6,0.16000000000000003,2,8,0.1,1,6,3,26,116,0.99297055737094608,0.0085600910118184999,8,0.00010429384946236547,17.40000000000012,dead
9,0.6,88,10.0,0.4,0.1,0.5,0.020000000000000004,0.4,0.6,0.16000000000000003,2,8,0.1,1,7,3,27,121,2.1902077870234256,0.018100890801846493,8,0.00010485759999999987,25.53099999999955,alive
9,0.6,88,10.0,0.4,0.1,0.5,0.020000000000000004,0.4,0.6,0.16000000000000003,2,8,0.1,1,8,2,9,37,17.706675041257451,0.47855878489885006,0,0.48101424881180793,17.982000000000014,alive
9,0.6,88,10.0,0.4,0.1,0.5,0.020000000000000004,0.4,0.6,0.16000000000000003,2,8,0.1,1,9,2,9,39,17.95013388937986,0.4602598433174323,0,0.45634685143684339,18.99299999999998,alive
9,0.6,88,10.0,0.4,0.1,0.5,0.020000000000000004,0.4,0.6,0.16000000000000003,2,8,0.1,1,10,2,9,38,17.996078756711057,0.47358101991344886,0,0.468355979106234,18.505999999999997,alive
9,0.6,88,10.0,0.4,0.1,0.5,0.020000000000000004,0.4,0.6,0.16000000000000003,2,8,0.1,1,11,2,9,39,17.998206004245322,0.46149246164731594,0,0.45634685143684339,18.99299999999998,alive
9,0.6,88,10.0,0.4,0.1,0.5,0.020000000000000004,0.4,0.6,0.16000000000000003,2,8,0.1,1,12,2,9,39,17.657701432563471,0.45276157519393517,0,0.45634685143684339,18.99299999999998,alive
9,0.6,88,10.0,0.4,0.1,0.5,0.020000000000000004,0.4,0.6,0.16000000000000003,2,8,0.1,1,13,2,9,37,17.999849764830742,0.48648242607650655,0,0.48101424881180793,17.982000000000014,alive
9,0.6,88,10.0,0.4,0.1,0.5,0.020000000000000004,0.4,0.6,0.16000000000000003,2,8,0.1,1,14,2,9,39,17.977981415742981,0.46097388245494825,0,0.45634685143684339,18.99299999999998,alive
9,0.6,88,10.0,0.4,0.1,0.5,0.020000000000000004,0.4,0.6,0.16000000000000003,2,8,0.1,1,15,2,9,39,17.902320767987487,0.459033865845833,0,0.45634685143684339,18.99299999999998,alive
9,0.6,88,10.0,0.4,0.1,0.5,0.020000000000000004,0.4,0.6,0.16000000000000003,2,8,0.1,1,16,2,9,38,17.954196918328535,0.47247886627180352,0,0.468355979106234,18.505999999999997,alive
9,0.6,88,10.0,0.4,0.1,0.5,0.020000000000000004,0.4,0.6,0.16000000000000003,2,8,0.1,1,17,2,10,43,19.987320205966792,0.46482140013876261,0,0.46511627906976744,20.98400000000001,alive
9,0.6,88,10.0,0.4,0.1,0.5,0.020000000000000004,0.4,0.6,0.16000000000000003,2,8,0.1,1,18,2,9,37,17.898532917343768,0.48374413290118295,0,0.48101424881180793,17.982000000000014,alive
9,0.6,88,10.0,0.4,0.1,0.5,0.020000000000000004,0.4,0.6,0.16000000000000003,2,8,0.1,1,19,2,9,41,17.459865826786373,0.42585038601917985,0,0.43408602941553398,20.007999999999996,alive
9,0.6,88,10.0,0.4,0.1,0.5,0.020000000000000004,0.4,0.6,0.16000000000000003,2,8,0.1,1,20,2,9,38,17.673038746052633,0.4650799670013851,0,0.468355979106234,18.505999999999997,alive
9,0.6,88,10.0,0.4,0.1,0.5,0.020000000000000004,0.4,0.6,0.16000000000000003,2,8,0.1,1,21,2,9,38,17.990773959555337,0.47344141998829836,0,0.468355979106234,18.505999999999997,alive
9,0.6,88,10.0,0.4,0.1,0.5,0.020000000000000004,0.4,0.6,0.16000000000000003,2,8,0.1,1,22,2,9,39,17.971315981344034,0.46080297388061625,0,0.45634685143684339,18.99299999999998,alive
9,0.6,88,10.0,0.4,0.1,0.5,0.020000000000000004,0.4,0.6,0.16000000000000003,2,8,0.1,1,23,2,9,37,17.600764983200701,0.47569635089731627,0,0.48101424881180793,17.982000000000014,alive
9,0.6,88,10.0,0.4,0.1,0.5,0.020000000000000004,0.4,0.6,0.16000000000000003,2,8,0.1,1,24,1,3,11,3.3123034578329698,0.30111849616663361,0,0.3133498016850973,5.004999999999995,alive
9,0.6,88,10.0,0.4,0.1,0.5,0.020000000000000004,0.4,0.6,0.16000000000000003,2,8,0.1,1,25,1,3,11,3.4857042587467597,0.31688220534061451,0,0.3133498016850973,5.004999999999995,alive
9,0.6,88,10.0,0.4,0.1,0.5,0.020000000000000004,0.4,0.6,0.16000000000000003,2,8,0.1,1,26,1,3,11,3.4286061931856384,0.31169147210778531,0,0.3133498016850973,5.004999999999995,alive
9,0.6,88,10.0,0.4,0.1,0.5,0.020000000000000004,0.4,0.6,0.16000000000000003,2,8,0.1,1,27,1,3,9,3.575451870067627,0.39727243000751411,0,0.38298309094845223,3.9959999999999813,alive
9,0.6,88,10.0,0.4,0.1,0.5,0.020000000000000004,0.4,0.6,0.16000000000000003,2,8,0.1,1,28,1,3,9,3.3126456941154272,0.36807174379060303,0,0.38298309094845223,3.9959999999999813,alive
9,0.6,88,10.0,0.4,0.1,0.5,0.020000000000000004,0.4,0.6,0.16000000000000003,2,8,0.1,1,29,1,3,11,3.4650602303621216,0.3150054754874656,0,0.3133498016850973,5.004999999999995,alive
9,0.6,88,10.0,0.4,0.1,0.5,0.020000000000000004,0.4,0.6,0.16000000000000003,2,8,0.1,1,30,1,3,11,3.5330572424464322,0.32118702204058475,0,0.3133498016850973,5.004999999999995,alive
9,0.6,88,10.0,0.4,0.1,0.5,0.020000000000000004,0.4,0.6,0.16000000000000003,2,8,0.1,1,31,1,3,10,3.6809971734710398,0.36809971734710401,0,0.34468478185360701,4.500000000000011,alive
9,0.6,88,10.0,0.4,0.1,0.5,0.020000000000000004,0.4,0.6,0.16000000000000003,2,8,0.1,1,32,1,3,10,3.3654966608756913,0.33654966608756914,0,0.34468478185360701,4.500000000000011,alive
9,0.6,88,10.0,0.4,0.1,0.5,0.020000000000000004,0.4,0.6,0.16000000000000003,2,8,0.1,1,33,1,3,10,3.6982284235713236,0.36982284235713236,0,0.34468478185360701,4.500000000000011,alive
9,0.6,88,10.0,0.4,0.1,0.5,0.020000000000000004,0.4,0.6,0.16000000000000003,2,8,0.1,1,34,1,3,10,3.4724686810587713,0.34724686810587713,0,0.34468478185360701,4.500000000000011,alive
9,0.6,88,10.0,0.4,0.1,0.5,0.020000000000000004,0.4,0.6,0.16000000000000003,2,8,0.1,1,35,1,3,11,3.4484817804033039,0.31349834367302765,0,0.3133498016850973,5.004999999999995,alive
9,0.6,88,10.0,0.4,0.1,0.5,0.020000000000000004,0.4,0.6,0.16000000000000003,2,8,0.1,1,36,1,3,10,3.5703524337588091,0.35703524337588088,0,0.34468478185360701,4.500000000000011,alive
9,0.6,88,10.0,0.4,0.1,0.5,0.020000000000000004,0.4,0.6,0.16000000000000003,2,8,0.1,1,37,1,3,9,3.6393157241042937,0.40436841378936594,0,0.38298309094845223,3.9959999999999813,alive
9,0.6,88,10.0,0.4,0.1,0.5,0.020000000000000004,0.4,0.6,0.16000000000000003,2,8,0.1,1,38,1,3,11,3.4913412450006795,0.31739465863642541,0,0.3133498016850973,5.004999999999995,alive
9,0.6,88,10.0,0.4,0.1,0.5,0.020000000000000004,0.4,0.6,0.16000000000000003,2,8,0.1,1,39,1,3,10,3.4934222295792035,0.34934222295792033,0,0.34468478185360701,4.500000000000011,alive
9,0.6,88,10.0,0.4,0.1,0.5,0.020000000000000004,0.4,0.6,0.16000000000000003,2,8,0.1,1,40,1,3,10,3.4571228714490743,0.34571228714490743,0,0.34468478185360701,4.500000000000011,alive
9,0.6,88,10.0,0.4,0.1,0.5,0.020000000000000004,0.4,0.6,0.16000000000000003,2,8,0.1,1,41,1,3,11,3.3742350896878461,0.3067486445170769,0,0.3133498016850973,5.004999999999995,alive
9,0.6,88,10.0,0.4,0.1,0.5,0.020000000000000004,0.4,0.6,0.16000000000000003,2,8,0.1,1,42,1,3,10,3.401248859221182,0.3401248859221182,0,0.34468478185360701,4.500000000000011,alive
9,0.6,88,10.0,0.4,0.1,0.5,0.020000000000000004,0.4,0.6,0.16000000000000003,2,8,0.1,1,43,1,3,11,3.3865008455932406,0.30786371323574913,0,0.3133498016850973,5.004999999999995,alive
9,0.6,88,10.0,0.4,0.1,0.5,0.020000000000000004,0.4,0.6,0.16000000000000003,2,8,0.1,1,44,1,3,10,3.3367553313423928,0.33367553313423925,0,0.34468478185360701,4.500000000000011,alive
9,0.6,88,10.0,0.4,0.1,0.5,0.020000000000000004,0.4,0.6,0.16000000000000003,2,8,0.1,1,45,1,3,9,3.3555083804782062,0.37283426449757845,0,0.38298309094845223,3.9959999999999813,alive
9,0.6,88,10.0,0.4,0.1,0.5,0.020000000000000004,0.4,0.6,0.16000000000000003,2,8,0.1,1,46,1,3,10,3.3873454397074365,0.33873454397074365,0,0.34468478185360701,4.500000000000011,alive
9,0.6,88,10.0,0.4,0.1,0.5,0.020000000000000004,0.4,0.6,0.16000000000000003,2,8,0.1,1,47,1,3,11,3.3503629961118957,0.30457845419199053,0,0.3133498016850973,5.004999999999995,alive
9,0.6,88,10.0,0.4,0.1,0.5,0.020000000000000004,0.4,0.6,0.16000000000000003,2,8,0.1,1,48,1,3,9,3.3553306351537486,0.37281451501708318,0,0.38298309094845223,3.9959999999999813,alive
9,0.6,88,10.0,0.4,0.1,0.5,0.020000000000000004,0.4,0.6,0.16000000000000003,2,8,0.1,1,49,1,3,11,3.405920262864103,0.30962911480582755,0,0.3133498016850973,5.004999999999995,alive
9,0.6,88,10.0,0.4,0.1,0.5,0.020000000000000004,0.4,0.6,0.16000000000000003,2,8,0.1,1,50,0,1,6,0.7456740302472179,0.12427900504120298,0,0,2.1540000000000306,alive
9,0.6,88,10.0,0.4,0.1,0.5,0.020000000000000004,0.4,0.6,0.16000000000000003,2,8,0.1,1,51,0,1,6,0.80740882973297323,0.13456813828882888,0,0,2.202000000000029,alive
9,0.6,88,10.0,0.4,0.1,0.5,0.020000000000000004,0.4,0.6,0.16000000000000003,2,8,0.1,1,52,0,1,7,0.74191504643531758,0.10598786377647394,0,0,2.4569999999999825,alive
9,0.6,88,10.0,0.4,0.1,0.5,0.020000000000000004,0.4,0.6,0.16000000000000003,2,8,0.1,1,53,0,1,6,0.79663340972559249,0.13277223495426541,0,0,2.196000000000029,alive
9,0.6,88,10.0,0.4,0.1,0.5,0.020000000000000004,0.4,0.6,0.16000000000000003,2,8,0.1,1,54,0,1,6,0.78440923129298534,0.13073487188216423,0,0,2.1840000000000295,alive
9,0.6,88,10.0,0.4,0.1,0.5,0.020000000000000004,0.4,0.6,0.16000000000000003,2,8,0.1,1,55,0,1,6,0.73815481571743835,0.12302580261957306,0,0,2.142000000000031,alive
9,0.6,88,10.0,0.4,0.1,0.5,0.020000000000000004,0.4,0.6,0.16000000000000003,2,8,0.1,1,56,0,1,6,0.74994600837632586,0.1249910013960543,0,0,2.1540000000000306,alive
9,0.6,88,10.0,0.4,0.1,0.5,0.020000000000000004,0.4,0.6,0.16000000000000003,2,8,0.1,1,57,0,1,6,0.82544834266997202,0.13757472377832866,0,0,2.220000000000028,alive
9,0.6,88,10.0,0.4,0.1,0.5,0.020000000000000004,0.4,0.6,0.16000000000000003,2,8,0.1,1,58,0,1,7,0.73324025098100809,0.10474860728300116,0,0,2.4429999999999823,alive
9,0.6,88,10.0,0.4,0.1,0.5,0.020000000000000004,0.4,0.6,0.16000000000000003,2,8,0.1,1,59,0,1,7,0.7608336649456352,0.10869052356366217,0,0,2.477999999999983,alive
9,0.6,88,10.0,0.4,0.1,0.5,0.020000000000000004,0.4,0.6,0.16000000000000003,2,8,0.1,1,60,0,1,7,0.82940954775252929,0.11848707825036132,0,0,2.547999999999984,alive
9,0.6,88,10.0,0.4,0.1,0.5,0.020000000000000004,0.4,0.6,0.16000000000000003,2,8,0.1,1,61,0,1,6,0.7811549121284399,0.13019248535473998,0,0,2.1840000000000295,alive
9,0.6,88,10.0,0.4,0.1,0.5,0.020000000000000004,0.4,0.6,0.16000000000000003,2,8,0.1,1,62,0,1,6,0.81729766385151192,0.13621627730858532,0,0,2.2140000000000284,alive
9,0.6,88,10.0,0.4,0.1,0.5,0.020000000000000004,0.4,0.6,0.16000000000000003,2,8,0.1,1,63,0,1,6,0.80237827653380489,0.13372971275563414,0,0,2.202000000000029,alive
9,0.6,88,10.0,0.4,0.1,0.5,0.020000000000000004,0.4,0.6,0.16000000000000003,2,8,0.1,1,64,0,1,6,0.83542091852698674,0.13923681975449778,0,0,2.226000000000028,alive
9,0.6,88,10.0,0.4,0.1,0.5,0.020000000000000004,0.4,0.6,0.16000000000000003,2,8,0.1,1,65,0,1,6,0.76380283321075271,0.12730047220179211,0,0,2.16600000000003,alive
9,0.6,88,10.0,0.4,0.1,0.5,0.020000000000000004,0.4,0.6,0.16000000000000003,2,8,0.1,1,66,0,1,7,0.74873676576672965,0.1069623951095328,0,0,2.4639999999999826,alive
9,0.6,88,10.0,0.4,0.1,0.5,0.020000000000000004,0.4,0.6,0.16000000000000003,2,8,0.1,1,67,0,1,6,0.83021254247343212,0.13836875707890536,0,0,2.220000000000028,alive
9,0.6,88,10.0,0.4,0.1,0.5,0.020000000000000004,0.4,0.6,0.16000000000000003,2,8,0.1,1,68,0,1,6,0.86170264327935753,0.14361710721322626,0,0,2.2440000000000273,alive
9,0.6,88,10.0,0.4,0.1,0.5,0.020000000000000004,0.4,0.6,0.16000000000000003,2,8,0.1,1,69,0,1,6,0.78633114445210839,0.13105519074201807,0,0,2.1840000000000295,alive
9,0.6,88,10.0,0.4,0.1,0.5,0.020000000000000004,0.4,0.6,0.16000000000000003,2,8,0.1,1,70,0,1,6,0.75022265770730623,0.12503710961788436,0,0,2.1540000000000306,alive
9,0.6,88,10.0,0.4,0.1,0.5,0.020000000000000004,0.4,0.6,0.16000000000000003,2,8,0.1,1,71,0,1,7,0.80134635480443883,0.11447805068634841,0,0,2.5199999999999836,alive
9,0.6,88,10.0,0.4,0.1,0.5,0.020000000000000004,0.4,0.6,0.16000000000000003,2,8,0.1,1,72,0,1,7,0.83147725025342811,0.1187824643219183,0,0,2.547999999999984,alive
9,0.6,88,10.0,0.4,0.1,0.5,0.020000000000000004,0.4,0.6,0.16000000000000003,2,8,0.1,1,73,0,1,6,0.86112283951530899,0.14352047325255149,0,0,2.2440000000000273,alive
9,0.6,88,10.0,0.4,0.1,0.5,0.020000000000000004,0.4,0.6,0.16000000000000003,2,8,0.1,1,74,0,1,6,0.74611451407432594,0.12435241901238765,0,0,2.1540000000000306,alive
9,0.6,88,10.0,0.4,0.1,0.5,0.020000000000000004,0.4,0.6,0.16000000000000003,2,8,0.1,1,75,0,1,6,0.82321669703441047,0.13720278283906842,0,0,2.2140000000000284,alive
9,0.6,88,10.0,0.4,0.1,0.5,0.020000000000000004,0.4,0.6,0.16000000000000003,2,8,0.1,1,76,0,1,7,0.73623157248410509,0.10517593892630073,0,0,2.4499999999999824,alive
9,0.6,88,10.0,0.4,0.1,0.5,0.020000000000000004,0.4,0.6,0.16000000000000003,2,8,0.1,1,77,0,1,7,0.79159735301863754,0.11308533614551965,0,0,2.5059999999999834,alive
9,0.6,88,10.0,0.4,0.1,0.5,0.020000000000000004,0.4,0.6,0.16000000000000003,2,8,0.1,1,78,0,1,6,0.78546416487017412,0.13091069414502901,0,0,2.1840000000000295,alive
9,0.6,88,10.0,0.4,0.1,0.5,0.020000000000000004,0.4,0.6,0.16000000000000003,2,8,0.1,1,79,0,1,6,0.78689399196501508,0.13114899866083585,0,0,2.1840000000000295,alive
9,0.6,88,10.0,0.4,0.1,0.5,0.020000000000000004,0.4,0.6,0.16000000000000003,2,8,0.1,1,80,0,1,6,0.79826998049174158,0.13304499674862361,0,0,2.196000000000029,alive
9,0.6,88,10.0,0.4,0.1,0.5,0.020000000000000004,0.4,0.6,0.16000000000000003,2,8,0.1,1,81,0,1,6,0.79678841459789707,0.1327980690996495,0,0,2.196000000000029,alive
9,0.6,88,10.0,0.4,0.1,0.5,0.020000000000000004,0.4,0.6,0.16000000000000003,2,8,0.1,1,82,0,1,6,0.76619345752781509,0.12769890958796917,0,0,2.17200000000003,alive
9,0.6,88,10.0,0.4,0.1,0.5,0.020000000000000004,0.4,0.6,0.16000000000000003,2,8,0.1,1,83,0,1,6,0.77540645869685365,0.12923440978280895,0,0,2.1780000000000297,alive
9,0.6,88,10.0,0.4,0.1,0.5,0.020000000000000004,0.4,0.6,0.16000000000000003,2,8,0.1,1,84,0,1,7,0.87868192601866602,0.12552598943123799,0,0,2.5899999999999848,alive
9,0.6,88,10.0,0.4,0.1,0.5,0.020000000000000004,0.4,0.6,0.16000000000000003,2,8,0.1,1,85,0,1,7,0.75920056535302849,0.10845722362186121,0,0,2.4709999999999828,alive
9,0.6,88,10.0,0.4,0.1,0.5,0.020000000000000004,0.4,0.6,0.16000000000000003,2,8,0.1,1,86,0,1,7,0.81400998845085737,0.11628714120726534,0,0,2.5269999999999837,alive
9,0.6,88,10.0,0.4,0.1,0.5,0.020000000000000004,0.4,0.6,0.16000000000000003,2,8,0.1,1,87,0,1,6,0.79667696776863195,0.13277949462810532,0,0,2.196000000000029,alive
9,0.6,88,10.0,0.4,0.1,0.5,0.020000000000000004,0.4,0.6,0.16000000000000003,2,8,0.1,1,88,0,1,6,0.77376878811081429,0.12896146468513572,0,0,2.1780000000000297,alive
9,0.6,88,10.0,0.4,0.1,0.5,0.020000000000000004,0.4,0.6,0.16000000000000003,2,8,0.1,1,89,0,1,6,0.77389052469078756,0.12898175411513127,0,0,2.1780000000000297,alive
9,0.6,88,10.0,0.4,0.1,0.5,0.020000000000000004,0.4,0.6,0.16000000000000003,2,8,0.1,1,90,0,1,6,0.79185235448084568,0.13197539241347428,0,0,2.1900000000000293,alive
9,0.6,88,10.0,0.4,0.1,0.5,0.020000000000000004,0.4,0.6,0.16000000000000003,2,8,0.1,1,91,0,1,6,0.79863900418653899,0.13310650069775651,0,0,2.196000000000029,alive
10,0.6,238,10.0,0.4,0.1,0.5,0.020000000000000004,0.4,0.6,0.16000000000000003,2,8,0.1,1,4,5,6,33,9.6710111884752283,0.29306094510530994,0,0.30343234424460669,16.00499999999998,alive
10,0.6,238,10.0,0.4,0.1,0.5,0.020000000000000004,0.4,0.6,0.16000000000000003,2,8,0.1,1,5,5,4,18,5.1914462835242228,0.28841368241801235,0,0.29577077262126594,8.495999999999981,alive
10,0.6,238,10.0,0.4,0.1,0.5,0.020000000000000004,0.4,0.6,0.16000000000000003,2,8,0.1,1,7,4,10,20,19.914645670139201,0.99573228350696008,0,1.0,17.199999999999847,alive
10,0.6,238,10.0,0.4,0.1,0.5,0.020000000000000004,0.4,0.6,0.16000000000000003,2,8,0.1,1,8,3,26,116,2.7181348177403257,0.02343219670465798,6,0.00010429384946236547,27.37600000000009,alive
10,0.6,238,10.0,0.4,0.1,0.5,0.020000000000000004,0.4,0.6,0.16000000000000003,2,8,0.1,1,9,3,29,129,0.11165994237395921,0.00086558094863534271,7,2.9998204350746478e-05,6.321000000000403,dead
10,0.6,238,10.0,0.4,0.1,0.5,0.020000000000000004,0.4,0.6,0.16000000000000003,2,8,0.1,1,10,3,27,121,3.7449854302471133,0.030950292811959615,5,5.5990451326121371e-05,32.18599999999948,alive
10,0.6,238,10.0,0.4,0.1,0.5,0.020000000000000004,0.4,0.6,0.16000000000000003,2,8,0.1,1,11,3,29,129,0.49424529792957189,0.0038313588986788518,6,2.9998204350746478e-05,13.28700000000038,dead
10,0.6,238,10.0,0.4,0.1,0.5,0.020000000000000004,0.4,0.6,0.16000000000000003,2,8,0.1,1,12,3,29,127,0.7843362434963661,0.0061758759330422528,8,3.0313974922859598e-05,16.38299999999953,dead
10,0.6,238,10.0,0.4,0.1,0.5,0.020000000000000004,0.4,0.6,0.16000000000000003,2,8,0.1,1,13,3,26,118,5.1809358926395808,0.04390623637830153,7,0.0001026383915343914,35.98999999999959,alive
10,0.6,238,10.0,0.4,0.1,0.5,0.020000000000000004,0.4,0.6,0.16000000000000003,2,8,0.1,1,14,3,29,129,1.7561087838891114,0.013613246386737297,5,2.9998204350746478e-05,23.99400000000045,alive
10,0.6,238,10.0,0.4,0.1,0.5,0.020000000000000004,0.4,0.6,0.16000000000000003,2,8,0.1,1,15,3,29,128,1.009690162758192,0.0078882043965483751,5,3.0155263012268711e-05,18.55999999999996,dead
10,0.6,238,10.0,0.4,0.1,0.5,0.020000000000000004,0.4,0.6,0.16000000000000003,2,8,0.1,1,16,3,27,121,3.673270874057958,0.030357610529404611,10,5.5990451326121371e-05,31.82299999999948,alive
10,0.6,238,10.0,0.4,0.1,0.5,0.020000000000000004,0.4,0.6,0.16000000000000003,2,8,0.1,1,17,3,31,137,0.083040173332270553,0.00060613265206036903,7,1.8031693180260484e-06,20.98400000000001,dead
10,0.6,238,10.0,0.4,0.1,0.5,0.020000000000000004,0.4,0.6,0.16000000000000003,2,8,0.1,1,18,3,26,118,2.7581893786822786,0.023374486260019312,8,0.0001026383915343914,27.847999999999573,alive
10,0.6,238,10.0,0.4,0.1,0.5,0.020000000000000004,0.4,0.6,0.16000000000000003,2,8,0.1,1,19,3,32,136,0.20027799345676681,0.0014726323048291677,7,8.1572095087780495e-06,8.703999999999603,dead
10,0.6,238,10.0,0.4,0.1,0.5,0.020000000000000004,0.4,0.6,0.16000000000000003,2,8,0.1,1,20,3,28,124,0.86924747813793357,0.0070100603075639806,6,5.6883915974942458e-05,16.987999999999587,dead
10,0.6,238,10.0,0.4,0.1,0.5,0.020000000000000004,0.4,0.6,0.16000000000000003,2,8,0.1,1,21,3,27,121,1.8199494108315961,0.015040904221748728,6,5.5990451326121371e-05,23.594999999999573,alive
10,0.6,238,10.0,0.4,0.1,0.5,0.020000000000000004,0.4,0.6,0.16000000000000003,2,8,0.1,1,22,3,29,129,2.3665866232574047,0.018345632738429492,7,2.9998204350746478e-05,27.477000000000487,alive
10,0.6,238,10.0,0.4,0.1,0.5,0.020000000000000004,0.4,0.6,0.16000000000000003,2,8,0.1,1,23,3,26,116,1.357310029107772,0.011700948526791138,9,0.00010429384946236547,20.18400000000011,alive
10,0.6,238,10.0,0.4,0.1,0.5,0.020000000000000004,0.4,0.6,0.16000000000000003,2,8,0.1,1,24,2,9,37,17.782929728626765,0.48061972239531797,0,0.48101424881180793,17.982000000000014,alive
10,0.6,238,10.0,0.4,0.1,0.5,0.020000000000000004,0.4,0.6,0.16000000000000003,2,8,0.1,1,25,2,9,39,17.969756818919979,0.46076299535692256,0,0.45634685143684339,18.99299999999998,alive
10,0.6,238,10.0,0.4,0.1,0.5,0.020000000000000004,0.4,0.6,0.16000000000000003,2,8,0.1,1,26,2,9,39,17.784043063659929,0.45600110419640844,0,0.45634685143684339,18.99299999999998,alive
10,0.6,238,10.0,0.4,0.1,0.5,0.020000000000000004,0.4,0.6,0.16000000000000003,2,8,0.1,1,27,2,9,40,17.855508836423027,0.44638772091057566,0,0.44493818015092235,19.48000000000001,alive
10,0.6,238,10.0,0.4,0.1,0.5,0.020000000000000004,0.4,0.6,0.16000000000000003,2,8,0.1,1,28,2,9,38,17.734777397443242,0.4667046683537695,0,0.468355979106234,18.505999999999997,alive
10,0.6,238,10.0,0.4,0.1,0.5,0.020000000000000004,0.4,0.6,0.16000000000000003,2,8,0.1,1,29,2,9,39,17.912122258987591,0.45928518612788694,0,0.45634685143684339,18.99299999999998,alive
10,0.6,238,10.0,0.4,0.1,0.5,0.020000000000000004,0.4,0.6,0.16000000000000003,2,8,0.1,1,30,2,10,42,19.868833582387648,0.47306746624732493,0,0.47619047619047616,20.49599999999998,alive
10,0.6,238,10.0,0.4,0.1,0.5,0.020000000000000004,0.4,0.6,0.16000000000000003,2,8,0.1,1,31,2,9,41,17.851359960115303,0.43539902341744641,0,0.43408602941553398,20.007999999999996,alive
10,0.6,238,10.0,0.4,0.1,0.5,0.020000000000000004,0.4,0.6,0.16000000000000003,2,8,0.1,1,32,2,9,38,17.603386653711748,0.46324701720294076,0,0.468355979106234,18.505999999999997,alive
10,0.6,238,10.0,0.4,0.1,0.5,0.020000000000000004,0.4,0.6,0.16000000000000003,2,8,0.1,1,33,2,9,41,17.45346968302275,0.42569438251274999,0,0.43408602941553398,20.007999999999996,alive
10,0.6,238,10.0,0.4,0.1,0.5,0.020000000000000004,0.4,0.6,0.16000000000000003,2,8,0.1,1,34,2,9,39,17.979308819467256,0.46100791844787836,0,0.45634685143684339,18.99299999999998,alive
10,0.6,238,10.0,0.4,0.1,0.5,0.020000000000000004,0.4,0.6,0.16000000000000003,2,8,0.1,1,35,2,9,39,17.821610454019307,0.45696437061587969,0,0.45634685143684339,18.99299999999998,alive
10,0.6,238,10.0,0.4,0.1,0.5,0.020000000000000004,0.4,0.6,0.16000000000000003,2,8,0.1,1,36,2,9,41,17.287252444544794,0.42164030352548276,0,0.43408602941553398,20.007999999999996,alive
10,0.6,238,10.0,0.4,0.1,0.5,0.020000000000000004,0.4,0.6,0.16000000000000003,2,8,0.1,1,37,2,9,41,17.93048480200072,0.43732889760977367,0,0.43408602941553398,20.007999999999996,alive
10,0.6,238,10.0,0.4,0.1,0.5,0.020000000000000004,0.4,0.6,0.16000000000000003,2,8,0.1,1,38,2,9,39,17.813783023431657,0.45676366726747841,0,0.45634685143684339,18.99299999999998,alive
10,0.6,238,10.0,0.4,0.1,0.5,0.020000000000000004,0.4,0.6,0.16000000000000003,2,8,0.1,1,39,2,9,39,17.712661354929551,0.45417080397255261,0,0.45634685143684339,18.99299999999998,alive
10,0.6,238,10.0,0.4,0.1,0.5,0.020000000000000004,0.4,0.6,0.16000000000000003,2,8,0.1,1,40,2,9,39,17.577102570033439,0.4506949376931651,0,0.45634685143684339,18.99299999999998,alive
10,0.6,238,10.0,0.4,0.1,0.5,0.020000000000000004,0.4,0.6,0.16000000000000003,2,8,0.1,1,41,2,9,37,17.55157621543194,0.47436692474140379,0,0.48101424881180793,17.982000000000014,alive
10,0.6,238,10.0,0.4,0.1,0.5,0.020000000000000004,0.4,0.6,0.16000000000000003,2,8,0.1,1,42,2,9,38,17.665695994844068,0.46488673670642283,0,0.468355979106234,18.505999999999997,alive
10,0.6,238,10.0,0.4,0.1,0.5,0.020000000000000004,0.4,0.6,0.16000000000000003,2,8,0.1,1,43,2,9,38,17.731232171922624,0.46661137294533223,0,0.468355979106234,18.505999999999997,alive
10,0.6,238,10.0,0.4,0.1,0.5,0.020000000000000004,0.4,0.6,0.16000000000000003,2,8,0.1,1,44,2,9,38,17.735161388187102,0.46671477337334477,0,0.468355979106234,18.505999999999997,alive
10,0.6,238,10.0,0.4,0.1,0.5,0.020000000000000004,0.4,0.6,0.16000000000000003,2,8,0.1,1,45,2,9,38,17.68040674716298,0.46527386176744684,0,0.468355979106234,18.505999999999997,alive
10,0.6,238,10.0,0.4,0.1,0.5,0.020000000000000004,0.4,0.6,0.16000000000000003,2,8,0.1,1,46,2,9,38,17.599615073862932,0.46314776510165612,0,0.468355979106234,18.505999999999997,alive
10,0.6,238,10.0,0.4,0.1,0.5,0.020000000000000004,0.4,0.6,0.16000000000000003,2,8,0.1,1,47,2,9,37,17.726102981304162,0.47908386435957195,0,0.48101424881180793,17.982000000000014,alive
10,0.6,238,10.0,0.4,0.1,0.5,0.020000000000000004,0.4,0.6,0.16000000000000003,2,8,0.1,1,48,2,9,38,17.786661596394485,0.46807004201038116,0,0.468355979106234,18.505999999999997,alive
10,0.6,238,10.0,0.4,0.1,0.5,0.020000000000000004,0.4,0.6,0.16000000000000003,2,8,0.1,1,49,2,9,39,17.8695784480296,0.45819431918024617,0,0.45634685143684339,18.99299999999998,alive
10,0.6,238,10.0,0.4,0.1,0.5,0.020000000000000004,0.4,0.6,0.16000000000000003,2,8,0.1,1,50,1,3,9,3.4123069210499928,0.37914521344999919,0,0.38298309094845223,3.9959999999999813,alive
10,0.6,238,10.0,0.4,0.1,0.5,0.020000000000000004,0.4,0.6,0.16000000000000003,2,8,0.1,1,51,1,3,11,3.5060998301216242,0.31873634819287494,0,0.3133498016850973,5.004999999999995,alive
10,0.6,238,10.0,0.4,0.1,0.5,0.020000000000000004,0.4,0.6,0.16000000000000003,2,8,0.1,1,52,1,3,10,3.4345730907746459,0.34345730907746458,0,0.34468478185360701,4.500000000000011,alive
10,0.6,238,10.0,0.4,0.1,0.5,0.020000000000000004,0.4,0.6,0.16000000000000003,2,8,0.1,1,53,1,3,10,3.3840286307433587,0.33840286307433587,0,0.34468478185360701,4.500000000000011,alive
10,0.6,238,10.0,0.4,0.1,0.5,0.020000000000000004,0.4,0.6,0.16000000000000003,2,8,0.1,1,54,1,3,10,3.3703487013823255,0.33703487013823252,0,0.34468478185360701,4.500000000000011,alive
10,0.6,238,10.0,0.4,0.1,0.5,0.020000000000000004,0.4,0.6,0.16000000000000003,2,8,0.1,1,55,1,3,9,3.3058969795891358,0.36732188662101506,0,0.38298309094845223,3.9959999999999813,alive
10,0.6,238,10.0,0.4,0.1,0.5,0.020000000000000004,0.4,0.6,0.16000000000000003,2,8,0.1,1,56,1,3,9,3.5381919900894578,0.39313244334327307,0,0.38298309094845223,3.9959999999999813,alive
10,0.6,238,10.0,0.4,0.1,0.5,0.020000000000000004,0.4,0.6,0.16000000000000003,2,8,0.1,1,57,1,3,11,3.5410567980573111,0.32191425436884646,0,0.3133498016850973,5.004999999999995,alive
10,0.6,238,10.0,0.4,0.1,0.5,0.020000000000000004,0.4,0.6,0.16000000000000003,2,8,0.1,1,58,1,3,9,3.3946239857072014,0.37718044285635571,0,0.38298309094845223,3.9959999999999813,alive
10,0.6,238,10.0,0.4,0.1,0.5,0.020000000000000004,0.4,0.6,0.16000000000000003,2,8,0.1,1,59,1,3,10,3.4708405082913076,0.34708405082913074,0,0.34468478185360701,4.500000000000011,alive
10,0.6,238,10.0,0.4,0.1,0.5,0.020000000000000004,0.4,0.6,0.16000000000000003,2,8,0.1,1,60,1,3,10,3.4974844643285525,0.34974844643285524,0,0.34468478185360701,4.500000000000011,alive
10,0.6,238,10.0,0.4,0.1,0.5,0.020000000000000004,0.4,0.6,0.16000000000000003,2,8,0.1,1,61,1,3,10,3.40141096905929,0.34014109690592897,0,0.34468478185360701,4.500000000000011,alive
10,0.6,238,10.0,0.4,0.1,0.5,0.020000000000000004,0.4,0.6,0.16000000000000003,2,8,0.1,1,62,1,3,11,3.5200998770972594,0.32000907973611448,0,0.3133498016850973,5.004999999999995,alive
10,0.6,238,10.0,0.4,0.1,0.5,0.020000000000000004,0.4,0.6,0.16000000000000003,2,8,0.1,1,63,1,3,11,3.5649723525001829,0.32408839568183478,0,0.3133498016850973,5.004999999999995,alive
10,0.6,238,10.0,0.4,0.1,0.5,0.020000000000000004,0.4,0.6,0.16000000000000003,2,8,0.1,1,64,1,3,11,3.4513382545691949,0.31375802314265405,0,0.3133498016850973,5.004999999999995,alive
10,0.6,238,10.0,0.4,0.1,0.5,0.020000000000000004,0.4,0.6,0.16000000000000003,2,8,0.1,1,65,1,3,9,3.6167849954926563,0.40186499949918403,0,0.38298309094845223,3.9959999999999813,alive
10,0.6,238,10.0,0.4,0.1,0.5,0.020000000000000004,0.4,0.6,0.16000000000000003,2,8,0.1,1,66,1,3,10,3.2374773979565248,0.32374773979565247,0,0.34468478185360701,4.500000000000011,alive
10,0.6,238,10.0,0.4,0.1,0.5,0.020000000000000004,0.4,0.6,0.16000000000000003,2,8,0.1,1,67,1,3,11,3.5133021117242502,0.31939110106584095,0,0.3133498016850973,5.004999999999995,alive
10,0.6,238,10.0,0.4,0.1,0.5,0.020000000000000004,0.4,0.6,0.16000000000000003,2,8,0.1,1,68,1,3,11,3.4953064413391854,0.31775513103083503,0,0.3133498016850973,5.004999999999995,alive
10,0.6,238,10.0,0.4,0.1,0.5,0.020000000000000004,0.4,0.6,0.16000000000000003,2,8,0.1,1,69,1,3,10,3.555147723493699,0.3555147723493699,0,0.34468478185360701,4.500000000000011,alive
10,0.6,238,10.0,0.4,0.1,0.5,0.020000000000000004,0.4,0.6,0.16000000000000003,2,8,0.1,1,70,1,3,9,3.2701371971437321,0.36334857746041466,0,0.38298309094845223,3.9959999999999813,alive
10,0.6,238,10.0,0.4,0.1,0.5,0.020000000000000004,0.4,0.6,0.16000000000000003,2,8,0.1,1,71,1,3,10,3.4693901644136695,0.34693901644136693,0,0.34468478185360701,4.500000000000011,alive
10,0.6,238,10.0,0.4,0.1,0.5,0.020000000000000004,0.4,0.6,0.16000000000000003,2,8,0.1,1,72,1,3,10,3.4794471459675624,0.34794471459675624,0,0.34468478185360701,4.500000000000011,alive
10,0.6,238,10.0,0.4,0.1,0.5,0.020000000000000004,0.4,0.6,0.16000000000000003,2,8,0.1,1,73,1,3,11,3.1755025795088705,0.28868205268262459,0,0.3133498016850973,5.004999999999995,alive
10,0.6,238,10.0,0.4,0.1,0.5,0.020000000000000004,0.4,0.6,0.16000000000000003,2,8,0.1,1,74,1,3,9,3.2927049798734345,0.36585610887482606,0,0.38298309094845223,3.9959999999999813,alive
10,0.6,238,10.0,0.4,0.1,0.5,0.020000000000000004,0.4,0.6,0.16000000000000003,2,8,0.1,1,75,1,3,11,3.5327275442648407,0.32115704947862189,0,0.3133498016850973,5.004999999999995,alive
10,0.6,238,10.0,0.4,0.1,0.5,0.020000000000000004,0.4,0.6,0.16000000000000003,2,8,0.1,1,76,1,3,9,3.5894315709438418,0.39882573010487132,0,0.38298309094845223,3.9959999999999813,alive
10,0.6,238,10.0,0.4,0.1,0.5,0.020000000000000004,0.4,0.6,0.16000000000000003,2,8,0.1,1,77,1,3,10,3.511121779686297,0.3511121779686297,0,0.34468478185360701,4.500000000000011,alive
10,0.6,238,10.0,0.4,0.1,0.5,0.020000000000000004,0.4,0.6,0.16000000000000003,2,8,0.1,1,78,1,3,10,3.4296453993394338,0.34296453993394338,0,0.34468478185360701,4.500000000000011,alive
10,0.6,238,10.0,0.4,0.1,0.5,0.020000000000000004,0.4,0.6,0.16000000000000003,2,8,0.1,1,79,1,3,10,3.2832675472341548,0.32832675472341549,0,0.34468478185360701,4.500000000000011,alive
10,0.6,238,10.0,0.4,0.1,0.5,0.020000000000000004,0.4,0.6,0.16000000000000003,2,8,0.1,1,80,1,3,10,3.3501999096556636,0.33501999096556634,0,0.34468478185360701,4.500000000000011,alive
10,0.6,238,10.0,0.4,0.1,0.5,0.020000000000000004,0.4,0.6,0.16000000000000003,2,8,0.1,1,81,1,3,10,3.2549357390240394,0.32549357390240397,0,0.34468478185360701,4.500000000000011,alive
10,0.6,238,10.0,0.4,0.1,0.5,0.020000000000000004,0.4,0.6,0.16000000000000003,2,8,0.1,1,82,1,3,10,3.2419407765137356,0.32419407765137354,0,0.34468478185360701,4.500000000000011,alive
10,0.6,238,10.0,0.4,0.1,0.5,0.020000000000000004,0.4,0.6,0.16000000000000003,2,8,0.1,1,83,1,3,10,3.5023184326040022,0.35023184326040024,0,0.34468478185360701,4.500000000000011,alive
10,0.6,238,10.0,0.4,0.1,0.5,0.020000000000000004,0.4,0.6,0.16000000000000003,2,8,0.1,1,84,1,3,11,3.7018954264955264,0.33653594786322966,0,0.3133498016850973,5.004999999999995,alive
10,0.6,238,10.0,0.4,0.1,0.5,0.020000000000000004,0.4,0.6,0.16000000000000003,2,8,0.1,1,85,1,3,10,3.419673176604392,0.3419673176604392,0,0.34468478185360701,4.500000000000011,alive
10,0.6,238,10.0,0.4,0.1,0.5,0.020000000000000004,0.4,0.6,0.16000000000000003,2,8,0.1,1,86,1,3,10,3.3830683397430699,0.338306833974307,0,0.34468478185360701,4.500000000000011,alive
10,0.6,238,10.0,0.4,0.1,0.5,0.020000000000000004,0.4,0.6,0.16000000000000003,2,8,0.1,1,87,1,3,10,3.4733999834821248,0.3473399983482125,0,0.34468478185360701,4.500000000000011,alive
10,0.6,238,10.0,0.4,0.1,0.5,0.020000000000000004,0.4,0.6,0.16000000000000003,2,8,0.1,1,88,1,3,10,3.5929975675811456,0.35929975675811454,0,0.34468478185360701,4.500000000000011,alive
10,0.6,238,10.0,0.4,0.1,0.5,0.020000000000000004,0.4,0.6,0.16000000000000003,2,8,0.1,1,89,1,3,10,3.6387482166514555,0.36387482166514556,0,0.34468478185360701,4.500000000000011,alive
10,0.6,238,10.0,0.4,0.1,0.5,0.020000000000000004,0.4,0.6,0.16000000000000003,2,8,0.1,1,90,1,3,10,3.5850073023525431,0.35850073023525431,0,0.34468478185360701,4.500000000000011,alive
10,0.6,238,10.0,0.4,0.1,0.5,0.020000000000000004,0.4,0.6,0.16000000000000003,2,8,0.1,1,91,1,3,10,3.3972864828359004,0.33972864828359006,0,0.34468478185360701,4.500000000000011,alive
10,0.6,238,10.0,0.4,0.1,0.5,0.020000000000000004,0.4,0.6,0.16000000000000003,2,8,0.1,1,92,0,1,6,0.7786267512097742,0.12977112520162903,0,0,2.1780000000000297,alive
10,0.6,238,10.0,0.4,0.1,0.5,0.020000000000000004,0.4,0.6,0.16000000000000003,2,8,0.1,1,93,0,1,6,0.80634361608817073,0.1343906026813618,0,0,2.202000000000029,alive
10,0.6,238,10.0,0.4,0.1,0.5,0.020000000000000004,0.4,0.6,0.16000000000000003,2,8,0.1,1,94,0,1,7,0.85558338074854923,0.12222619724979275,0,0,2.5689999999999844,alive
10,0.6,238,10.0,0.4,0.1,0.5,0.020000000000000004,0.4,0.6,0.16000000000000003,2,8,0.1,1,95,0,1,6,0.73060628698868524,0.1217677144981142,0,0,2.136000000000031,alive
10,0.6,238,10.0,0.4,0.1,0.5,0.020000000000000004,0.4,0.6,0.16000000000000003,2,8,0.1,1,96,0,1,6,0.81861912513271451,0.13643652085545241,0,0,2.2140000000000284,alive
10,0.6,238,10.0,0.4,0.1,0.5,0.020000000000000004,0.4,0.6,0.16000000000000003,2,8,0.1,1,97,0,1,6,0.80175675291738546,0.1336261254862309,0,0,2.202000000000029,alive
10,0.6,238,10.0,0.4,0.1,0.5,0.020000000000000004,0.4,0.6,0.16000000000000003,2,8,0.1,1,98,0,1,6,0.69830626982006672,0.11638437830334446,0,0,2.1060000000000323,alive
10,0.6,238,10.0,0.4,0.1,0.5,0.020000000000000004,0.4,0.6,0.16000000000000003,2,8,0.1,1,99,0,1,6,0.77480842732803146,0.12913473788800525,0,0,2.1780000000000297,alive
10,0.6,238,10.0,0.4,0.1,0.5,0.020000000000000004,0.4,0.6,0.16000000000000003,2,8,0.1,1,100,0,1,7,0.7966250391119335,0.1138035770159905,0,0,2.5129999999999835,alive
10,0.6,238,10.0,0.4,0.1,0.5,0.020000000000000004,0.4,0.6,0.16000000000000003,2,8,0.1,1,101,0,1,7,0.75776200080814715,0.10825171440116388,0,0,2.4709999999999828,alive
10,0.6,238,10.0,0.4,0.1,0.5,0.020000000000000004,0.4,0.6,0.16000000000000003,2,8,0.1,1,102,0,1,7,0.75267335407779523,0.10752476486825646,0,0,2.4639999999999826,alive
10,0.6,238,10.0,0.4,0.1,0.5,0.020000000000000004,0.4,0.6,0.16000000000000003,2,8,0.1,1,103,0,1,6,0.76656245508711074,0.12776040918118511,0,0,2.17200000000003,alive
10,0.6,238,10.0,0.4,0.1,0.5,0.020000000000000004,0.4,0.6,0.16000000000000003,2,8,0.1,1,104,0,1,6,0.80831519104081373,0.13471919850680228,0,0,2.202000000000029,alive
10,0.6,238,10.0,0.4,0.1,0.5,0.020000000000000004,0.4,0.6,0.16000000000000003,2,8,0.1,1,105,0,1,6,0.81440265404328804,0.13573377567388134,0,0,2.2080000000000286,alive
10,0.6,238,10.0,0.4,0.1,0.5,0.020000000000000004,0.4,0.6,0.16000000000000003,2,8,0.1,1,106,0,1,6,0.809025925884442,0.13483765431407366,0,0,2.2080000000000286,alive
10,0.6,238,10.0,0.4,0.1,0.5,0.020000000000000004,0.4,0.6,0.16000000000000003,2,8,0.1,1,107,0,1,6,0.7695764471596015,0.12826274119326692,0,0,2.17200000000003,alive
10,0.6,238,10.0,0.4,0.1,0.5,0.020000000000000004,0.4,0.6,0.16000000000000003,2,8,0.1,1,108,0,1,7,0.80554621761388712,0.11507803108769817,0,0,2.5199999999999836,alive
10,0.6,238,10.0,0.4,0.1,0.5,0.020000000000000004,0.4,0.6,0.16000000000000003,2,8,0.1,1,109,0,1,6,0.71541409120017851,0.11923568186669642,0,0,2.1240000000000316,alive
10,0.6,238,10.0,0.4,0.1,0.5,0.020000000000000004,0.4,0.6,0.16000000000000003,2,8,0.1,1,110,0,1,6,0.77814992621256174,0.12969165436876029,0,0,2.1780000000000297,alive
10,0.6,238,10.0,0.4,0.1,0.5,0.020000000000000004,0.4,0.6,0.16000000000000003,2,8,0.1,1,111,0,1,6,0.76698036083484999,0.12783006013914167,0,0,2.17200000000003,alive
10,0.6,238,10.0,0.4,0.1,0.5,0.020000000000000004,0.4,0.6,0.16000000000000003,2,8,0.1,1,112,0,1,6,0.73903991666213664,0.12317331944368944,0,0,2.1480000000000308,alive
10,0.6,238,10.0,0.4,0.1,0.5,0.020000000000000004,0.4,0.6,0.16000000000000003,2,8,0.1,1,113,0,1,7,0.82493070832438675,0.11784724404634096,0,0,2.540999999999984,alive
10,0.6,238,10.0,0.4,0.1,0.5,0.020000000000000004,0.4,0.6,0.16000000000000003,2,8,0.1,1,114,0,1,7,0.86440292368823302,0.12348613195546186,0,0,2.5759999999999845,alive
10,0.6,238,10.0,0.4,0.1,0.5,0.020000000000000004,0.4,0.6,0.16000000000000003,2,8,0.1,1,115,0,1,6,0.7985552470559335,0.13309254117598893,0,0,2.196000000000029,alive
10,0.6,238,10.0,0.4,0.1,0.5,0.020000000000000004,0.4,0.6,0.16000000000000003,2,8,0.1,1,116,0,1,6,0.8103809576101606,0.13506349293502676,0,0,2.2080000000000286,alive
10,0.6,238,10.0,0.4,0.1,0.5,0.020000000000000004,0.4,0.6,0.16000000000000003,2,8,0.1,1,117,0,1,6,0.74488303761576047,0.12414717293596007,0,0,2.1480000000000308,alive
10,0.6,238,10.0,0.4,0.1,0.5,0.020000000000000004,0.4,0.6,0.16000000000000003,2,8,0.1,1,118,0,1,7,0.75674175151356193,0.10810596450193742,0,0,2.4709999999999828,alive
10,0.6,238,10.0,0.4,0.1,0.5,0.020000000000000004,0.4,0.6,0.16000000000000003,2,8,0.1,1,119,0,1,7,0.78462567477339418,0.11208938211048489,0,0,2.4989999999999832,alive
10,0.6,238,10.0,0.4,0.1,0.5,0.020000000000000004,0.4,0.6,0.16000000000000003,2,8,0.1,1,120,0,1,6,0.77511159962797072,0.12918526660466179,0,0,2.1780000000000297,alive
10,0.6,238,10.0,0.4,0.1,0.5,0.020000000000000004,0.4,0.6,0.16000000000000003,2,8,0.1,1,121,0,1,6,0.85006050962028767,0.14167675160338128,0,0,2.2380000000000275,alive
10,0.6,238,10.0,0.4,0.1,0.5,0.020000000000000004,0.4,0.6,0.16000000000000003,2,8,0.1,1,122,0,1,6,0.84965447115145998,0.14160907852524332,0,0,2.2380000000000275,alive
10,0.6,238,10.0,0.4,0.1,0.5,0.020000000000000004,0.4,0.6,0.16000000000000003,2,8,0.1,1,123,0,1,6,0.7571046956425812,0.12618411594043019,0,0,2.1600000000000303,alive
10,0.6,238,10.0,0.4,0.1,0.5,0.020000000000000004,0.4,0.6,0.16000000000000003,2,8,0.1,1,124,0,1,6,0.81942245058479724,0.13657040843079954,0,0,2.2140000000000284,alive
10,0.6,238,10.0,0.4,0.1,0.5,0.020000000000000004,0.4,0.6,0.16000000000000003,2,8,0.1,1,125,0,1,6,0.75410724119204531,0.12568454019867423,0,0,2.1600000000000303,alive
10,0.6,238,10.0,0.4,0.1,0.5,0.020000000000000004,0.4,0.6,0.16000000000000003,2,8,0.1,1,126,0,1,7,0.84551804524201646,0.12078829217743092,0,0,2.5619999999999843,alive
10,0.6,238,10.0,0.4,0.1,0.5,0.020000000000000004,0.4,0.6,0.16000000000000003,2,8,0.1,1,127,0,1,7,0.81268239368508322,0.11609748481215475,0,0,2.5269999999999837,alive
10,0.6,238,10.0,0.4,0.1,0.5,0.020000000000000004,0.4,0.6,0.16000000000000003,2,8,0.1,1,128,0,1,7,0.73241236359890405,0.10463033765698629,0,0,2.4429999999999823,alive
10,0.6,238,10.0,0.4,0.1,0.5,0.020000000000000004,0.4,0.6,0.16000000000000003,2,8,0.1,1,129,0,1,6,0.75831275134448706,0.12638545855741451,0,0,2.1600000000000303,alive
10,0.6,238,10.0,0.4,0.1,0.5,0.020000000000000004,0.4,0.6,0.16000000000000003,2,8,0.1,1,130,0,1,6,0.89901759430132655,0.14983626571688777,0,0,2.2740000000000262,alive
10,0.6,238,10.0,0.4,0.1,0.5,0.020000000000000004,0.4,0.6,0.16000000000000003,2,8,0.1,1,131,0,1,6,0.77331177547746366,0.12888529591291062,0,0,2.1780000000000297,alive
10,0.6,238,10.0,0.4,0.1,0.5,0.020000000000000004,0.4,0.6,0.16000000000000003,2,8,0.1,1,132,0,1,6,0.78611473770235962,0.13101912295039328,0,0,2.1840000000000295,alive
10,0.6,238,10.0,0.4,0.1,0.5,0.020000000000000004,0.4,0.6,0.16000000000000003,2,8,0.1,1,133,0,1,6,0.76853125186176274,0.12808854197696046,0,0,2.17200000000003,alive
10,0.6,238,10.0,0.4,0.1,0.5,0.020000000000000004,0.4,0.6,0.16000000000000003,2,8,0.1,1,134,0,1,7,0.88771790092627167,0.12681684298946738,0,0,2.596999999999985,alive
10,0.6,238,10.0,0.4,0.1,0.5,0.020000000000000004,0.4,0.6,0.16000000000000003,2,8,0.1,1,135,0,1,7,0.79958710126515131,0.11422672875216447,0,0,2.5129999999999835,alive
10,0.6,238,10.0,0.4,0.1,0.5,0.020000000000000004,0.4,0.6,0.16000000000000003,2,8,0.1,1,136,0,1,6,0.77256554559818524,0.12876092426636421,0,0,2.17200000000003,alive
10,0.6,238,10.0,0.4,0.1,0.5,0.020000000000000004,0.4,0.6,0.16000000000000003,2,8,0.1,1,137,0,1,6,0.78679727165329039,0.13113287860888173,0,0,2.1840000000000295,alive
10,0.6,238,10.0,0.4,0.1,0.5,0.020000000000000004,0.4,0.6,0.16000000000000003,2,8,0.1,1,138,0,1,6,0.82219284349764565,0.13703214058294094,0,0,2.2140000000000284,alive
10,0.6,238,10.0,0.4,0.1,0.5,0.020000000000000004,0.4,0.6,0.16000000000000003,2,8,0.1,1,139,0,1,6,0.79284959410893441,0.13214159901815573,0,0,2.1900000000000293,alive
10,0.6,238,10.0,0.4,0.1,0.5,0.020000000000000004,0.4,0.6,0.16000000000000003,2,8,0.1,1,140,0,1,7,0.75248712274934126,0.10749816039276304,0,0,2.4639999999999826,alive
10,0.6,238,10.0,0.4,0.1,0.5,0.020000000000000004,0.4,0.6,0.16000000000000003,2,8,0.1,1,141,0,1,7,0.77964294562113845,0.11137756366016263,0,0,2.491999999999983,alive
10,0.6,238,10.0,0.4,0.1,0.5,0.020000000000000004,0.4,0.6,0.16000000000000003,2,8,0.1,1,142,0,1,7,0.79085966177441014,0.11297995168205859,0,0,2.5059999999999834,alive
10,0.6,238,10.0,0.4,0.1,0.5,0.020000000000000004,0.4,0.6,0.16000000000000003,2,8,0.1,1,143,0,1,6,0.77313268307425842,0.12885544717904307,0,0,2.1780000000000297,alive
10,0.6,238,10.0,0.4,0.1,0.5,0.020000000000000004,0.4,0.6,0.16000000000000003,2,8,0.1,1,144,0,1,6,0.75815281837475068,0.12635880306245845,0,0,2.1600000000000303,alive
10,0.6,238,10.0,0.4,0.1,0.5,0.020000000000000004,0.4,0.6,0.16000000000000003,2,8,0.1,1,145,0,1,6,0.79530922613176147,0.1325515376886269,0,0,2.196000000000029,alive
10,0.6,238,10.0,0.4,0.1,0.5,0.020000000000000004,0.4,0.6,0.16000000000000003,2,8,0.1,1,146,0,1,6,0.75742709034863132,0.12623784839143856,0,0,2.1600000000000303,alive
10,0.6,238,10.0,0.4,0.1,0.5,0.020000000000000004,0.4,0.6,0.16000000000000003,2,8,0.1,1,147,0,1,7,0.83237205143447324,0.1189102930620676,0,0,2.547999999999984,alive
10,0.6,238,10.0,0.4,0.1,0.5,0.020000000000000004,0.4,0.6,0.16000000000000003,2,8,0.1,1,148,0,1,7,0.797864659608162,0.11398066565830886,0,0,2.5129999999999835,alive
10,0.6,238,10.0,0.4,0.1,0.5,0.020000000000000004,0.4,0.6,0.16000000000000003,2,8,0.1,1,149,0,1,6,0.88104472170433623,0.1468407869507227,0,0,2.256000000000027,alive
10,0.6,238,10.0,0.4,0.1,0.5,0.020000000000000004,0.4,0.6,0.16000000000000003,2,8,0.1,1,150,0,1,6,0.83286154166128978,0.13881025694354829,0,0,2.226000000000028,alive
10,0.6,238,10.0,0.4,0.1,0.5,0.020000000000000004,0.4,0.6,0.16000000000000003,2,8,0.1,1,151,0,1,6,0.77350861725847686,0.12891810287641281,0,0,2.1780000000000297,alive
10,0.6,238,10.0,0.4,0.1,0.5,0.020000000000000004,0.4,0.6,0.16000000000000003,2,8,0.1,1,152,0,1,7,0.78613777635214821,0.11230539662173546,0,0,2.4989999999999832,alive
10,0.6,238,10.0,0.4,0.1,0.5,0.020000000000000004,0.4,0.6,0.16000000000000003,2,8,0.1,1,153,0,1,6,0.85301023439846102,0.1421683723997435,0,0,2.2380000000000275,alive
10,0.6,238,10.0,0.4,0.1,0.5,0.020000000000000004,0.4,0.6,0.16000000000000003,2,8,0.1,1,154,0,1,6,0.76865527432598468,0.12810921238766412,0,0,2.17200000000003,alive
10,0.6,238,10.0,0.4,0.1,0.5,0.020000000000000004,0.4,0.6,0.16000000000000003,2,8,0.1,1,155,0,1,6,0.71938899209209339,0.11989816534868224,0,0,2.1240000000000316,alive
10,0.6,238,10.0,0.4,0.1,0.5,0.020000000000000004,0.4,0.6,0.16000000000000003,2,8,0.1,1,156,0,1,6,0.81752462727309161,0.13625410454551526,0,0,2.2140000000000284,alive
10,0.6,238,10.0,0.4,0.1,0.5,0.020000000000000004,0.4,0.6,0.16000000000000003,2,8,0.1,1,157,0,1,6,0.77326271466948293,0.12887711911158048,0,0,2.1780000000000297,alive
10,0.6,238,10.0,0.4,0.1,0.5,0.020000000000000004,0.4,0.6,0.16000000000000003,2,8,0.1,1,158,0,1,7,0.84962339002774445,0.12137477000396349,0,0,2.5619999999999843,alive
10,0.6,238,10.0,0.4,0.1,0.5,0.020000000000000004,0.4,0.6,0.16000000000000003,2,8,0.1,1,159,0,1,7,0.81701347757978726,0.11671621108282675,0,0,2.533999999999984,alive
10,0.6,238,10.0,0.4,0.1,0.5,0.020000000000000004,0.4,0.6,0.16000000000000003,2,8,0.1,1,160,0,1,6,0.8314039042033422,0.13856731736722369,0,0,2.220000000000028,alive
10,0.6,238,10.0,0.4,0.1,0.5,0.020000000000000004,0.4,0.6,0.16000000000000003,2,8,0.1,1,161,0,1,6,0.83549940740918571,0.13924990123486428,0,0,2.226000000000028,alive
10,0.6,238,10.0,0.4,0.1,0.5,0.020000000000000004,0.4,0.6,0.16000000000000003,2,8,0.1,1,162,0,1,6,0.73930789643291128,0.12321798273881855,0,0,2.1480000000000308,alive
10,0.6,238,10.0,0.4,0.1,0.5,0.020000000000000004,0.4,0.6,0.16000000000000003,2,8,0.1,1,163,0,1,6,0.89934143107585751,0.14989023851264291,0,0,2.2740000000000262,alive
10,0.6,238,10.0,0.4,0.1,0.5,0.020000000000000004,0.4,0.6,0.16000000000000003,2,8,0.1,1,164,0,1,6,0.8388510559626402,0.1398085093271067,0,0,2.226000000000028,alive
10,0.6,238,10.0,0.4,0.1,0.5,0.020000000000000004,0.4,0.6,0.16000000000000003,2,8,0.1,1,165,0,1,6,0.83713489590795531,0.13952248265132589,0,0,2.226000000000028,alive
10,0.6,238,10.0,0.4,0.1,0.5,0.020000000000000004,0.4,0.6,0.16000000000000003,2,8,0.1,1,166,0,1,7,0.77941390944029576,0.11134484420575654,0,0,2.491999999999983,alive
10,0.6,238,10.0,0.4,0.1,0.5,0.020000000000000004,0.4,0.6,0.16000000000000003,2,8,0.1,1,167,0,1,7,0.81214703370086616,0.11602100481440945,0,0,2.5269999999999837,alive
10,0.6,238,10.0,0.4,0.1,0.5,0.020000000000000004,0.4,0.6,0.16000000000000003,2,8,0.1,1,168,0,1,7,0.80461840050028177,0.11494548578575454,0,0,2.5199999999999836,alive
10,0.6,238,10.0,0.4,0.1,0.5,0.020000000000000004,0.4,0.6,0.16000000000000003,2,8,0.1,1,169,0,1,6,0.86316456483512194,0.14386076080585367,0,0,2.2440000000000273,alive
10,0.6,238,10.0,0.4,0.1,0.5,0.020000000000000004,0.4,0.6,0.16000000000000003,2,8,0.1,1,170,0,1,6,0.78011061847783791,0.13001843641297298,0,0,2.1840000000000295,alive
10,0.6,238,10.0,0.4,0.1,0.5,0.020000000000000004,0.4,0.6,0.16000000000000003,2,8,0.1,1,171,0,1,6,0.8103241922055634,0.13505403203426056,0,0,2.2080000000000286,alive
10,0.6,238,10.0,0.4,0.1,0.5,0.020000000000000004,0.4,0.6,0.16000000000000003,2,8,0.1,1,172,0,1,6,0.77637680410975152,0.12939613401829192,0,0,2.1780000000000297,alive
10,0.6,238,10.0,0.4,0.1,0.5,0.020000000000000004,0.4,0.6,0.16000000000000003,2,8,0.1,1,173,0,1,7,0.75865749762917734,0.1083796425184539,0,0,2.4709999999999828,alive
10,0.6,238,10.0,0.4,0.1,0.5,0.020000000000000004,0.4,0.6,0.16000000000000003,2,8,0.1,1,174,0,1,6,0.82184849640035607,0.13697474940005935,0,0,2.2140000000000284,alive
10,0.6,238,10.0,0.4,0.1,0.5,0.020000000000000004,0.4,0.6,0.16000000000000003,2,8,0.1,1,175,0,1,6,0.78850343961810854,0.13141723993635143,0,0,2.1900000000000293,alive
10,0.6,238,10.0,0.4,0.1,0.5,0.020000000000000004,0.4,0.6,0.16000000000000003,2,8,0.1,1,176,0,1,6,0.77903729877277006,0.12983954979546167,0,0,2.1780000000000297,alive
10,0.6,238,10.0,0.4,0.1,0.5,0.020000000000000004,0.4,0.6,0.16000000000000003,2,8,0.1,1,177,0,1,6,0.80564392764150694,0.13427398794025117,0,0,2.202000000000029,alive
10,0.6,238,10.0,0.4,0.1,0.5,0.020000000000000004,0.4,0.6,0.16000000000000003,2,8,0.1,1,178,0,1,7,0.74780555876161836,0.10682936553737406,0,0,2.4639999999999826,alive
10,0.6,238,10.0,0.4,0.1,0.5,0.020000000000000004,0.4,0.6,0.16000000000000003,2,8,0.1,1,179,0,1,7,0.8099244912317527,0.11570349874739325,0,0,2.5269999999999837,alive
10,0.6,238,10.0,0.4,0.1,0.5,0.020000000000000004,0.4,0.6,0.16000000000000003,2,8,0.1,1,180,0,1,6,0.76978535941590842,0.1282975599026514,0,0,2.17200000000003,alive
10,0.6,238,10.0,0.4,0.1,0.5,0.020000000000000004,0.4,0.6,0.16000000000000003,2,8,0.1,1,181,0,1,6,0.81477366318254629,0.13579561053042438,0,0,2.2080000000000286,alive
10,0.6,238,10.0,0.4,0.1,0.5,0.020000000000000004,0.4,0.6,0.16000000000000003,2,8,0.1,1,182,0,1,6,0.90503614641483987,0.15083935773580665,0,0,2.2740000000000262,alive
10,0.6,238,10.0,0.4,0.1,0.5,0.020000000000000004,0.4,0.6,0.16000000000000003,2,8,0.1,1,183,0,1,7,0.85272569916801,0.12181795702400143,0,0,2.5689999999999844,alive
10,0.6,238,10.0,0.4,0.1,0.5,0.020000000000000004,0.4,0.6,0.16000000000000003,2,8,0.1,1,184,0,1,7,0.77647533160353899,0.11092504737193414,0,0,2.491999999999983,alive
10,0.6,238,10.0,0.4,0.1,0.5,0.020000000000000004,0.4,0.6,0.16000000000000003,2,8,0.1,1,185,0,1,7,0.76442100630455934,0.10920300090065134,0,0,2.477999999999983,alive
10,0.6,238,10.0,0.4,0.1,0.5,0.020000000000000004,0.4,0.6,0.16000000000000003,2,8,0.1,1,186,0,1,7,0.75981858866989505,0.10854551266712786,0,0,2.4709999999999828,alive
10,0.6,238,10.0,0.4,0.1,0.5,0.020000000000000004,0.4,0.6,0.16000000000000003,2,8,0.1,1,187,0,1,6,0.76326734664306783,0.12721122444051131,0,0,2.16600000000003,alive
10,0.6,238,10.0,0.4,0.1,0.5,0.020000000000000004,0.4,0.6,0.16000000000000003,2,8,0.1,1,188,0,1,6,0.83502752538947367,0.13917125423157894,0,0,2.226000000000028,alive
10,0.6,238,10.0,0.4,0.1,0.5,0.020000000000000004,0.4,0.6,0.16000000000000003,2,8,0.1,1,189,0,1,6,0.79780374797862097,0.13296729132977017,0,0,2.196000000000029,alive
10,0.6,238,10.0,0.4,0.1,0.5,0.020000000000000004,0.4,0.6,0.16000000000000003,2,8,0.1,1,190,0,1,6,0.76340665537987407,0.12723444256331234,0,0,2.16600000000003,alive
10,0.6,238,10.0,0.4,0.1,0.5,0.020000000000000004,0.4,0.6,0.16000000000000003,2,8,0.1,1,191,0,1,6,0.84309314051995843,0.14051552341999307,0,0,2.2320000000000277,alive
10,0.6,238,10.0,0.4,0.1,0.5,0.020000000000000004,0.4,0.6,0.16000000000000003,2,8,0.1,1,192,0,1,6,0.84076326527240786,0.14012721087873464,0,0,2.2320000000000277,alive
10,0.6,238,10.0,0.4,0.1,0.5,0.020000000000000004,0.4,0.6,0.16000000000000003,2,8,0.1,1,193,0,1,7,0.83867453455047725,0.11981064779292531,0,0,2.554999999999984,alive
10,0.6,238,10.0,0.4,0.1,0.5,0.020000000000000004,0.4,0.6,0.16000000000000003,2,8,0.1,1,194,0,1,6,0.85286520682336242,0.14214420113722706,0,0,2.2380000000000275,alive
10,0.6,238,10.0,0.4,0.1,0.5,0.020000000000000004,0.4,0.6,0.16000000000000003,2,8,0.1,1,195,0,1,6,0.76204257739766956,0.12700709623294493,0,0,2.16600000000003,alive
10,0.6,238,10.0,0.4,0.1,0.5,0.020000000000000004,0.4,0.6,0.16000000000000003,2,8,0.1,1,196,0,1,6,0.86474221385943406,0.14412370230990568,0,0,2.250000000000027,alive
10,0.6,238,10.0,0.4,0.1,0.5,0.020000000000000004,0.4,0.6,0.16000000000000003,2,8,0.1,1,197,0,1,6,0.7723748086894261,0.12872913478157103,0,0,2.17200000000003,alive
10,0.6,238,10.0,0.4,0.1,0.5,0.020000000000000004,0.4,0.6,0.16000000000000003,2,8,0.1,1,198,0,1,6,0.75163466633196585,0.12527244438866098,0,0,2.1540000000000306,alive
10,0.6,238,10.0,0.4,0.1,0.5,0.020000000000000004,0.4,0.6,0.16000000000000003,2,8,0.1,1,199,0,1,6,0.66685860210656589,0.11114310035109431,0,0,2.0760000000000334,alive
10,0.6,238,10.0,0.4,0.1,0.5,0.020000000000000004,0.4,0.6,0.16000000000000003,2,8,0.1,1,200,0,1,7,0.78990150947323834,0.11284307278189119,0,0,2.5059999999999834,alive
10,0.6,238,10.0,0.4,0.1,0.5,0.020000000000000004,0.4,0.6,0.16000000000000003,2,8,0.1,1,201,0,1,7,0.80759241561841399,0.11537034508834486,0,0,2.5269999999999837,alive
10,0.6,238,10.0,0.4,0.1,0.5,0.020000000000000004,0.4,0.6,0.16000000000000003,2,8,0.1,1,202,0,1,7,0.80442755128635413,0.11491822161233631,0,0,2.5199999999999836,alive
10,0.6,238,10.0,0.4,0.1,0.5,0.020000000000000004,0.4,0.6,0.16000000000000003,2,8,0.1,1,203,0,1,6,0.81044341191218272,0.13507390198536379,0,0,2.2080000000000286,alive
10,0.6,238,10.0,0.4,0.1,0.5,0.020000000000000004,0.4,0.6,0.16000000000000003,2,8,0.1,1,204,0,1,6,0.78110427980132813,0.13018404663355468,0,0,2.1840000000000295,alive
10,0.6,238,10.0,0.4,0.1,0.5,0.020000000000000004,0.4,0.6,0.16000000000000003,2,8,0.1,1,205,0,1,6,0.86285342909094342,0.14380890484849057,0,0,2.2440000000000273,alive
10,0.6,238,10.0,0.4,0.1,0.5,0.020000000000000004,0.4,0.6,0.16000000000000003,2,8,0.1,1,206,0,1,6,0.80168440088844184,0.13361406681474031,0,0,2.202000000000029,alive
10,0.6,238,10.0,0.4,0.1,0.5,0.020000000000000004,0.4,0.6,0.16000000000000003,2,8,0.1,1,207,0,1,6,0.82982925730834367,0.13830487621805729,0,0,2.220000000000028,alive
10,0.6,238,10.0,0.4,0.1,0.5,0.020000000000000004,0.4,0.6,0.16000000000000003,2,8,0.1,1,208,0,1,6,0.79264212822095415,0.13210702137015903,0,0,2.1900000000000293,alive
10,0.6,238,10.0,0.4,0.1,0.5,0.020000000000000004,0.4,0.6,0.16000000000000003,2,8,0.1,1,209,0,1,6,0.76103763290940596,0.126839605484901,0,0,2.16600000000003,alive
10,0.6,238,10.0,0.4,0.1,0.5,0.020000000000000004,0.4,0.6,0.16000000000000003,2,8,0.1,1,210,0,1,6,0.71800838733707462,0.11966806455617911,0,0,2.1240000000000316,alive
10,0.6,238,10.0,0.4,0.1,0.5,0.020000000000000004,0.4,0.6,0.16000000000000003,2,8,0.1,1,211,0,1,6,0.74607487405522899,0.12434581234253816,0,0,2.1540000000000306,alive
10,0.6,238,10.0,0.4,0.1,0.5,0.020000000000000004,0.4,0.6,0.16000000000000003,2,8,0.1,1,212,0,1,6,0.84160410287838372,0.14026735047973063,0,0,2.2320000000000277,alive
10,0.6,238,10.0,0.4,0.1,0.5,0.020000000000000004,0.4,0.6,0.16000000000000003,2,8,0.1,1,213,0,1,6,0.80788923991095163,0.13464820665182528,0,0,2.202000000000029,alive
10,0.6,238,10.0,0.4,0.1,0.5,0.020000000000000004,0.4,0.6,0.16000000000000003,2,8,0.1,1,214,0,1,6,0.84703124390310003,0.14117187398385,0,0,2.2320000000000277,alive
10,0.6,238,10.0,0.4,0.1,0.5,0.020000000000000004,0.4,0.6,0.16000000000000003,2,8,0.1,1,215,0,1,7,0.73609569226405214,0.10515652746629316,0,0,2.4499999999999824,alive
10,0.6,238,10.0,0.4,0.1,0.5,0.020000000000000004,0.4,0.6,0.16000000000000003,2,8,0.1,1,216,0,1,7,0.74876096476520237,0.10696585210931463,0,0,2.4639999999999826,alive
10,0.6,238,10.0,0.4,0.1,0.5,0.020000000000000004,0.4,0.6,0.16000000000000003,2,8,0.1,1,217,0,1,6,0.88238859785671353,0.14706476630945226,0,0,2.2620000000000267,alive
10,0.6,238,10.0,0.4,0.1,0.5,0.020000000000000004,0.4,0.6,0.16000000000000003,2,8,0.1,1,218,0,1,6,0.78579184734218599,0.13096530789036434,0,0,2.1840000000000295,alive
10,0.6,238,10.0,0.4,0.1,0.5,0.020000000000000004,0.4,0.6,0.16000000000000003,2,8,0.1,1,219,0,1,6,0.82258662850274722,0.13709777141712454,0,0,2.2140000000000284,alive
10,0.6,238,10.0,0.4,0.1,0.5,0.020000000000000004,0.4,0.6,0.16000000000000003,2,8,0.1,1,220,0,1,6,0.78639548411529636,0.13106591401921605,0,0,2.1840000000000295,alive
10,0.6,238,10.0,0.4,0.1,0.5,0.020000000000000004,0.4,0.6,0.16000000000000003,2,8,0.1,1,221,0,1,7,0.82847324818465629,0.11835332116923661,0,0,2.540999999999984,alive
10,0.6,238,10.0,0.4,0.1,0.5,0.020000000000000004,0.4,0.6,0.16000000000000003,2,8,0.1,1,222,0,1,6,0.8219435172567835,0.13699058620946392,0,0,2.2140000000000284,alive
10,0.6,238,10.0,0.4,0.1,0.5,0.020000000000000004,0.4,0.6,0.16000000000000003,2,8,0.1,1,223,0,1,6,0.7625686511765416,0.12709477519609028,0,0,2.16600000000003,alive
10,0.6,238,10.0,0.4,0.1,0.5,0.020000000000000004,0.4,0.6,0.16000000000000003,2,8,0.1,1,224,0,1,6,0.80961727477773981,0.13493621246295665,0,0,2.2080000000000286,alive
10,0.6,238,10.0,0.4,0.1,0.5,0.020000000000000004,0.4,0.6,0.16000000000000003,2,8,0.1,1,225,0,1,6,0.84177051436342787,0.14029508572723798,0,0,2.2320000000000277,alive
10,0.6,238,10.0,0.4,0.1,0.5,0.020000000000000004,0.4,0.6,0.16000000000000003,2,8,0.1,1,226,0,1,6,0.76121701392451235,0.12686950232075206,0,0,2.16600000000003,alive
10,0.6,238,10.0,0.4,0.1,0.5,0.020000000000000004,0.4,0.6,0.16000000000000003,2,8,0.1,1,227,0,1,7,0.75064506745652149,0.10723500963664592,0,0,2.4639999999999826,alive
10,0.6,238,10.0,0.4,0.1,0.5,0.020000000000000004,0.4,0.6,0.16000000000000003,2,8,0.1,1,228,0,1,7,0.70847606075989655,0.10121086582284236,0,0,2.414999999999982,alive
10,0.6,238,10.0,0.4,0.1,0.5,0.020000000000000004,0.4,0.6,0.16000000000000003,2,8,0.1,1,229,0,1,7,0.78088434581124422,0.11155490654446346,0,0,2.4989999999999832,alive
10,0.6,238,10.0,0.4,0.1,0.5,0.020000000000000004,0.4,0.6,0.16000000000000003,2,8,0.1,1,230,0,1,6,0.85607163339739889,0.14267860556623316,0,0,2.2440000000000273,alive
10,0.6,238,10.0,0.4,0.1,0.5,0.020000000000000004,0.4,0.6,0.16000000000000003,2,8,0.1,1,231,0,1,6,0.84224391796496079,0.14037398632749346,0,0,2.2320000000000277,alive
10,0.6,238,10.0,0.4,0.1,0.5,0.020000000000000004,0.4,0.6,0.16000000000000003,2,8,0.1,1,232,0,1,6,0.76185659887101231,0.12697609981183539,0,0,2.16600000000003,alive
10,0.6,238,10.0,0.4,0.1,0.5,0.020000000000000004,0.4,0.6,0.16000000000000003,2,8,0.1,1,233,0,1,6,0.8005936694911151,0.13343227824851919,0,0,2.196000000000029,alive
10,0.6,238,10.0,0.4,0.1,0.5,0.020000000000000004,0.4,0.6,0.16000000000000003,2,8,0.1,1,234,0,1,7,0.80859733662184474,0.11551390523169211,0,0,2.5269999999999837,alive
10,0.6,238,10.0,0.4,0.1,0.5,0.020000000000000004,0.4,0.6,0.16000000000000003,2,8,0.1,1,235,0,1,7,0.86114250224684397,0.12302035746383486,0,0,2.5759999999999845,alive
10,0.6,238,10.0,0.4,0.1,0.5,0.020000000000000004,0.4,0.6,0.16000000000000003,2,8,0.1,1,236,0,1,7,0.77506477511397753,0.11072353930199678,0,0,2.491999999999983,alive
10,0.6,238,10.0,0.4,0.1,0.5,0.020000000000000004,0.4,0.6,0.16000000000000003,2,8,0.1,1,237,0,1,6,0.78106561875946734,0.13017760312657789,0,0,2.1840000000000295,alive
10,0.6,238,10.0,0.4,0.1,0.5,0.020000000000000004,0.4,0.6,0.16000000000000003,2,8,0.1,1,238,0,1,6,0.75763721793336303,0.1262728696555605,0,0,2.1600000000000303,alive
10,0.6,238,10.0,0.4,0.1,0.5,0.020000000000000004,0.4,0.6,0.16000000000000003,2,8,0.1,1,239,0,1,6,0.82186228337844125,0.13697704722974022,0,0,2.2140000000000284,alive
10,0.6,238,10.0,0.4,0.1,0.5,0.020000000000000004,0.4,0.6,0.16000000000000003,2,8,0.1,1,240,0,1,6,0.80578491070351488,0.13429748511725248,0,0,2.202000000000029,alive
10,0.6,238,10.0,0.4,0.1,0.5,0.020000000000000004,0.4,0.6,0.16000000000000003,2,8,0.1,1,241,0,1,6,0.87445876270642986,0.14574312711773832,0,0,2.256000000000027,alive
10,0.6,238,10.0,0.4,0.1,0.5,0.020000000000000004,0.4,0.6,0.16000000000000003,2,8,0.1,1,242,0,1,6,0.78688940613917102,0.1311482343565285,0,0,2.1840000000000295,alive
